Serial No.,ROLL_NO,Class,City_Code,Center_Code,Paper_No,Mobile_No,Q1,Q2,Q3,Q4,Q5,Q6,Q7,Q8,Q9,Q10,Q11,Q12,Q13,Q14,Q15,Q16,Q17,Q18,Q19,Q20,Q21,Q22,Q23,Q24,Q25,Q26,Q27,Q28,Q29,Q30,Q31,Q32,Q33,Q34,Q35,Q36,Q37,Q38,Q39,Q40,Q41,Q42,Q43,Q44,Q45,Q46,Q47,Q48,Q49,Q50,Q51,Q52,Q53,Q54,Q55,Q56,Q57,Q58,Q59,Q60,Q61,Q62,Q63,Q64,Q65,Q66,Q67,Q68,Q69,Q70,Q71,Q72,Q73,Q74,Q75,Q76,Q77,Q78,Q79,Q80,Q81,Q82,Q83,Q84,Q85,Q86,Q87,Q88,Q89,Q90,Q91,Q92,Q93,Q94,Q95,Q96,Q97,Q98,Q99,Q100,S1,S2,S3,S4,Image Path
1,11801,10,18, ,10,9711061338,A,B,D,A, ,D,C,D, , , ,D, ,A,C,A,D,C,A,B,D,A,A,B,A,C, ,A, ,D,B,A, ,C,C,C,C,A,C,A,A,A,D,A,D, ,D, , , ,B, ,B,B,D,B, ,C, ,B,A, ,A,A,B,B, ,D,C, ,C,A,A,B,C,B,B, , ,B,B, ,A, , , , , ,B, ,D,A,A,A,A,A,A,D,B,A,1,1,1,1,
2,11802,10,18, ,9,9582827101,A,D,C,A,C,B,B,D,A,B,D,B,D,B,A,B,C,C,D,A,D,A,B,C,C,D,D,C,B,D,B,B,D,C,C,A,B,D,D,B,A,B,B,B,C,A,B,A,A,A,B,D,A,C,C,B,C,C,B,C,B,A,B,C,A,A,B,A,D,C,D,C, ,B,D,B,C,D,B,A,B,C,C,B,C,B,D,B,C,D,B,C,B,A,D,C,C,A,C,A,1,1,1,1,
3,11803,10,18, ,10,8377091054,C,C,C,A,A,A,D,B,D,B,B,D,B,D,A,D,C,B,C,D,C,D,D,B,D,B,D,D,D,D,C,D,B,D,B,B,C,A,C,D,B,C,B,D,B,B,D,B,D,B,B,B,B,A,D,D,D,B,B,B,A,D,B,C,A,B,D,A,B,A,B,C,B,B,C,D,B,D,D,D,B,B,B,D,D,C,C,D,A,B,D,D,A,A,A,D,A,C,A,B,1,1,1,1,
4,11804,10,18, ,10,9910122925,A,B,D,A,C,D,C,D,A,C,C,D,B,C,B,D,B,D,C,B,C,A,C,B,D,C,C,A,A,B,D,A,C,D,D,A,D,B,A,A,B,A,B,D,D,B,D,C,C,A,B,D,A,B,D,C,A,D,B,A,A,D,A,A,B,D,D,C,C,D,C,*,A,B,C,B,A,B,D,B,B,C,D,D,D,B,A,C,A,D,D,C,A,A,A,A,A,C,A,B,1,1,1,1,
5,11805,10,18, ,9,9958016116,B,A,C,A,B,B,B,B,D,C,A,B,D,C,A,D,C,C,C,B,A,B,D,B,B,A,C,C,C,C,C,C,A,A,B,B,C,A,B,A,A,B,B,C,B,A,B,A,B,D,A,A,B,C,C,B,A,B,B,A,A,A,B,C,D,D,A,A,A,C,C,C,B,B,C,B,C,D,B,D,A,B,A,A,C,B,A,A,A,D,B,D,B,C,D,A,D,A,D,B,1,1,1,1,
6,11808,10,18, ,9,9911879244,A,C,D,B,A,B,C,B,B,A,A,D,B,D,A,C,D,D,C,B,C,D,D,C,C,A,A,D,C,C,D,B,B,A,C,A,C,B,B,B,D,B,D,C,B,D,B,A,D,B,A,C,B,C,A,A,B,C,B,D,C,A,C,C,C,D,B,A,B,C,C,C,B,D,A,C,D,B,B,A,A,B,C,B,A,D,A,B,A,D,D,C,B,B,D,A,D,A,C,B,1,1,1,1,
7,11809,10,18, ,9,999*181941,B,B,A,A,A,C,C,D,A,C,D,A,A,A,A,B,D,D,C,A,C,A,D,A,B,A,D,C,D,B,C,B,B,A,*,A,C,D,A,A,*,B,B,A,B,A,C,A,A,B,C,C,B,C,A,D,B,B,B,D,B,A,A,A,A,A,A,D,A,C,C,D,A,B,A,C,C,B,A,A,A,A,A,A,D,D,C,B,A,A,A,*,A,A,A,D,D,A,C,A,1,1,1,1,
8,11810,10,18, ,10,9650319132,A,B,D,A,B,C,C,A,D,B,A,D,B,A,C,D,B,C,C,D,A,C,B,B,D,A,B,A,C,B,A,A,C,B,D,D,C,B,C,A,C,A,B,C,C,A,A,C,A,D,B,B,A,D,*,C,D,A,A,B,B,A,D,C,D,C,D,A,B,C,B,C,A,B,D,D,A,B,D,D,B,C,A,D,B,D,A,B,C,A,D,A,C,A,B,D,B,A,C,D,1,1,1,1,
9,11811,10,18, ,10,9868377980,A,B,D,A,C,D,C,*,D,C,C,C,D,C,A,D,A,B,A,C,A,C,A,B,D,B,B,A,B,D,D,C,B,B,B,B,A,B,A,B,A,A,B,B,D,A,D,C,C,B,B,A,B,A,D,D,D,C,A,B,A,B,A,A,D,B,C,D,C,B,C,A,A,B,C,D,D,B,A,B,C,C,C,D,A,C,C,A,A,C,B,B,A,B,B,B,A,B,C,C,1,1,1,1,
10,11812,10,18, ,  ,9891959717,B,D,C,A,D,A,B,A,B,A,C,C,D,A,A,C,D,D,B,C,A,B,C,C,A,C,B,C,B,C,C,B,C,B,B,A,A,B,B,C,C,B,B,C,D,C,D,A,A,B,D,A,C,C,A,A,A,C,B,A,C,D,B,C,B,A,B,C,B,A,B,B,C,A,B,C,C,A,B,A,A,B,B,C,A,B,C,B,C,D,D,A,C,A,D,B,B,A,A,A,1,1,1,1,
11,11813,10,18, ,9,7217871116,D,D,C,D,D,B,C,D,B,C,A,B,A,A,A,B,C,C,D,A,A,C,C,B,C,B,D,C,C,*,D,D,C,A,A,B,C,B,D,B,A,B,B,B,B,A,B,B,B,B,C,A,B,C,C,B,B,B,B,D,B,A,A,C,C,A,A,A,B,C,C,A,A,A,D,C,C,B,B,A,A,B,C,D,C,D,C,B,C,D,D,B,C,C,D,C,C,A,B,B,1,1,1,1,
12,11814,10,18, ,  ,          ,A,C,D,C,B,B,C,B,D,C,A,D,D,B,C,D,C,A,C,B,D,A,B,*,A,A,A,A,A,D,A,B,C,A,B,C,C,B,A,D,A,D,B,A,B,A,D,C,B,D,B,C,B,B,D,D,D,A,B,C,B,D,A,C,A,B,D,A,B,D,B,D,A,B,A,D,A,B,D,D,C,C,A,A,C,A,B,D,B,A,C,C,C,A,B,B,A,A,B,A,1,1,1,1,
13,11815,10,18, ,  ,9289392203,A,B,D,D,B,D,C,B,A,B,C,A,C,D,C,D,A,B,A,D,C,D,C,B,B,C,A,D,D,D,B,C,D,A,B,B,C,B,B,A,A,A,D,B,D,A,D,B,*,D,B,D,B,B,D,B,C, ,B,C,C,B,C,B,D, ,B,D,B,D,B,D,B,D,B,*,A,*,A,D,B,D,B,D,D,C,A,B,B,B,C,A,A,A,A,A,B,A,B,A,1,1,1,1,
14,11816,10,  , ,10,7838938200,A,B,D,D,C,D,C,D,A,A,B,D,A,C,B,D,C,A,D,C,A,D,C,B,D,B,B,A,B,C,D, , , , , , , , ,B,A,*,B,B,C,C,D, , ,D,B,C,B,B,D, ,C, ,B,B, ,B,B,B,D,A,D,D,B,D,A,B,B,C,C,B,B, , ,D,A,B,C, ,B,C,B, ,C,A,B,A,B,C, ,B,B, , ,B,1,1,1,1,
15,11817,10,18, ,10,9311873753,A,B,D,C,C,A,C,D,B,D,B,C,A,C,B,D,A,C,C,B,C,C,C,B,D,C,C,A,B,D,D,C,C,D,D,B,C,B,C,D,A,A,B,B,A,C,D,B,C,C,B,C,A,B,D,C,C,B,A,C,A,C,A,A,B,B,C,D,C,B,C,C,A,B,C,B,D,C,C,B,A,D,B,D,C,C,A,C,B,A,D,C,A,A,A,A,A,B,A,B,1,1,1,1,
16,11818,10,18, ,  ,9643623398,A,B,D,A,C,D,C,D,D,A,B,D,C,B,B,D,B,D,A,A,D,D,C,B,D,D,C,A,A,D,D,C,C,D,D,A,C,B,C,A,A,A,B,B,D,A,D,C,A,C,B,D,C,B,D,A,D,C,A,C,A,B,A,B,D,B,C,D,C,D,C,C,A,B,C,B,B,B,C,B,A,C,C,B,C,A,A,C,B,D,B,B,A,A,B,B,A,B,A,A,1,1,1,1,
17,11819,10,18, ,9,9711227250,A,A,B,B,A,D,D,B,B,A,A,A,A,B,B,C, , , , , , , , , , , , , , , , , , , , , , , , , , , , , , , , , , , ,C,B,C,C, ,B,C,B,B,C,C,B,C,A,A,A,A,A,C,C,C,A,C,D,C,C,D,D,C,B,C,D,D,A,C,D,A,A,B,D,C,B,C,D,A,C,A,C,B,1,1,1,1,
18,*1 0 ,10,18, ,  ,9310921696,B,B,C,A,B,B,B,A,A,B,A,C,D,A,A,B,C,C,C,B,A,B,D,C,D,B,A,A,D,D,C,C,B,C,D, ,A,D,C,A,A,B,B,D,B,A,B,D,B,B,A, ,A,C,C,D,B,C,B,C,A,B,B,C, ,A, ,A,D,C,C,C,B,C,C,C,A,C,B,D,B,B,B,C,C,C,B,B,A,A,D,B,B,B,D,B,B,A,A,A,1,1,1,1,
19,21806,10,18, ,  ,8743055680,C,D,C,A,C,D,C,A,D,A,A,B,B,A,A,C,D,D,A,B,A,B,C,B,A,C,D,C,C,C,B,B,C,A,A,A,B,A,A,A,A,C,B,C,B,D,C,A,C,D,C,C,B,C,C,B,A,C,B,A,C,A,B,A,C,C,A,A,B,B,C,C,A,A,D,D,C,A,B,A,C,B,C,C,A,B,B,B,C,A,B,C,C,A,D,D,C,A,A,A,1,1,1,1,
20,21816,10,18, ,9,9871507975,A,C,C,D,B,D,A,D,D,A,D,B,A,A,A,C,C,A,C,B,A,B,C,C,B,C,B,A,C,C,D,D,C,A,C,A,A,C,B,A,D,B,B,D,B,A,C,A,B,B,A,C,B,D,C,A,C,B,B,D,C,D,B,B,A,A,A,A,C,C,B,C,C,B,C,C,C,D,B,B,D,B,D,B,B,A,B,D,C,A,D,C,B,C,D,C,D,A,C,A,1,1,1,1,
21,10101,10,1, ,10,*75096083 ,A,B,D,A,C,D,C,D,B,B,A,D,B,A,B,B,B,B,B,A,A,C,A,B,D,C,D,B,B,D,A,B,A,D,D,B,A,B,C,A,A,A,C,B,B,A,D,B,C,B,B,B,D,B,C,B,C,C,B,B,A,B,A,A,B,A,B,B,B,D,B,C,A,B,B,B,A,B,B,B,B,D,C,A,B,A,B,B,B,A,C,C,C,A,B,B,D,B,B,A,1,1,1,1,
22,10102,10,1, ,9,9026495237,C,C,A,B,D,B,B,C,A,B,A,B,C,C,A,B,D,D,B,A,A,D,D,C,D,C,C,C,B,C,D,A,B,A,D,B,C,D,D,A,A,B,B,D,B,B,C,B,C,D,C,B,B,C,A,C, ,C,B,A,C,A,C,C,A,D,A,A,A,C,C,C,B,C,D,C,D,D,B,B,B,B,C,A,C,B,C,B,A,D,A,C, ,C,D,A,D,A,C,A,1,1,1,1,
23,10103,10,1, ,10,9319982516,C,A,D,D,A,A,C,D,C,B,D,A,D,B,C,A,B,D,C,B,D,B,C,A,B,C,A,B,D,C,A,D,C,B,D,A,C,B,A,D,A,C,B,A,D,A,D,A,B,D,B,A,C,A,D,C,C,A,B,B,A,C,C,A,D,D,C,A,B,A,C,C,A,B,C,D,A,B,D,D,A,C,D,D,D,A,A,D,A,C,A,C,A,A,B,B,A,B,A,A,1,1,1,1,
24,10104,10,1, ,9,8532907642,C,D,A,A,C,D,B,A,A,B,D,A,C,D,A,B,D,C,A,D,C,B,B,C,C,B,C,C,B,C,B,D,B,A,C,C,C,A,C,A,A,B,B,D,B,A,A,A,D,D,C,A,B,C,A,D,B,B,B,C,B,A,B,C,A,A,A,A,D,C,A,C,A,C,A,C,C,D,A,A,B,B,D,B,C,B,A,C,A,D,A,B,A,B,D,A,C,A,A,B,1,1,1,1,
25,10105,10,1, ,9,97***06   ,C,B,C,B,C,B,B,A,D,A,A,B,C,C,A,*,D,C,B,B,C,B,D,C,D,C,C,C,B,C,B,B,B,A,D,A,D,B,B,B,A,B,B,D,B,B,C,A,B,B,A,B,B,C,C,D,B,B,B,B,D,C,C,D,C,D,A,A,A,C,C,C,A,A,A,C,C,C,B,B,B,B,C,A,C,A,C,B,C,D,A,C,B,B,D,A,C,A,A,A,1,1,1,1,
26,1*16 ,10,1, ,10,8923377549,A,B,D,A,C,D,C,D,B,C,C,D,A,B,C,D,D,D,D,A,D,C,C,B,C,C,A,B,D,D,D,A,C,D,D,D,D,B,A,A,A,A,B,C,D,A,D,C,B,D,B, ,C,B,C,B, ,C, ,B,A, ,A, , , ,B,D,C,D,C,*,C,B,C,A,D,B,B,B,A,B,C,C,C,C,D,D, ,B,B,C,C,B,A,A,A,B,A,A,1,1,1,1,
27,10107,10,1, ,10,9557***3*7,A,A,D, ,C,D,C,A,C,A,A,D,A,B,B,B,B,B,C,A,D,C,A,B,B,A,*,A,B,D,D,C,A,D,B,A,D,C,B,B,A,A,B,B,B,A,D,B,C,B,B,C,C,A,C,C,A,C, ,B,A,B,C,B,A,B,B, ,C,B,C,A,A,B,D,D,D,A,B,B,C,C,D,C,B,A,C,A,B,C,A,*,C,A,C,C,B,B,A,A,1,1,1,1,
28,10108,10,1, ,9,9760177758,B,B,D,A,B,D,C,A,A,B,A,D,D,D,A,*,C,C,C,D,A,B,D,C,C,A,A,B,B,D,B,B,B,D,D,B,C,B,C,A,C,C,B,A,B,C,B,D,A,D,A,C,B,D,C,C,D,C,B,D,A,A,B,C,A,D,A,A,D,*,C,C,C,D,D,C,C,D,A,A,B,A,A,D,C,A,C,A,A,D,A,C,B,A,D,A,D,A,*,B,1,1,1,1,
29,10109,10,1, ,10,9219781645,A,B,D,A,C,C,C,D,B,B,C,A,A,D,B,D,B,B,A,C,D,C,C,B,D,A,D,A,B,D,D,C,C,D,A,A,C,B,C,D,A,A,B,B,C,A,D,B,C,A,B,C,B,B,D,B,C,C,D,B,A,B,A,A,B,B,C,D,C,B,C,C,A,B,A,B,D,B,D,B,A,D,B,A,C,A,C,A,B,A,D,C,A,A,B,D,D,B,A,A,1,1,1,1,
30,10111,10,1, ,9,9808588835,C,C,D,A,B,C,D,B,D,A,B,B,D,B,A,B,C,C,D,B,D,D,B,C,C,D,D,B,D,D,D,B,B,D,D,A,B,D,B,B,A,A,*, ,B,D,C,A,C,B,*, ,B,A,A,D,B,C,B,A,C,A,B,C,D,A,A,A,B,B,A,C,A,A,A,C,C,C,A,B,A,C,D,B,C,A,C,*,A,A,C,B,A,A,D,A,B,C,B,D,1,1,1,1,
31,10113,10,1, ,9,9997403170,D,B,B,B,D,B,C,D,B,B,D,B,D,B,B,B,C,C,C,C,D,B,C,B,A,B,B,D,B,D,B,B,B,C,C,B,D,A,D,B,D,A,B,D,B,C,A,A,A,D,A,B,B,D,A,B,B,C,B, ,C,B,B,C,C,B,A,B,A,B,B,C,A,B,B,C,B,B,C,D,C,C,C,B,B,C,B,A,A,D,A,C,A,B,A,A,B,A,B,C,1,1,1,1,
32,10114,10,1, ,9,8865994064,D,A,C,B,B,B,D,C,B,A,A,B,D,C,A,B,C,A,C,A,A,C,B,C,C,D,A,B,B,B,B,B,A,C,A,D,A,A,C,B,A,B,B,A,B,A,B,A,B,C,A,D,B,C, ,B,B,B,A,D,B,A,A,B,A,A,B,A,A,C,B,D,A,A,B,C,A,D,B,B,A,C,B,A,A,C,B,D,C,A,A,A,C,B,D,A,D,A,A,A,1,1,1,1,
33,10116,10,1, ,9,7599295594,B,B,C,A,B,D,C,B,A,A,A,D,D,B,A,B,C,C,D,B,A,B,B,C,D,A,C,B,B,D,B,C,C,A,D,B,C,A,B,A,A,B,B,C,B,A,D,A,B,B,C,D,B,C,C,D,B,C,B,B,D,A,C,C,D,A,A,A,A,C,C,C,A,D,D,C,C,D,B,B,A,C,C,A,B,C,A,A,A,D,D,A,B,B,D,C,D,B,C,B,1,1,1,1,
34,10117,10,1, ,9,7055279565,B,B,B,B,B,D,C,A,A,C,A,A,C,B,A,B,C,C,D,D,B,C,B,C,C,A,B,C,B,D,B,C,B,C,D,B,D,D,C,B,C,D,B,B,D,D,C,C,B,C,B,A,B,C,C,B,D,B,C,B,D,C,A,B,D,A,A,A,A,A,A,C,A,B,C,C,A,B,D,D,B,A,C,D,B,B,C,A,D,C,B,A,C,D,B,B,D,C,A,B,1,1,1,1,
35,10119,10,1, ,9,8979745169,B,D,C,D,D,B,D,B,C,A,D,D,B,B,A,A,D,A,C,B,D,B,B,D,D,B,D,A,A,D,B,B,C,C,A,D,B,B,B,B,A,D,D,A,C,D,B,B,D,D,D,C,B,D,A,D,D,B,B,D,D,D,B,D,B,B,*,C,C,B,D,B,B,D,D,C,B,B,D,B,D,D,C,D,C,A,B,C,A,A,A,B,A,C,B,C,D,D,A,A,1,1,1,1,
36,** 1 ,10,15, ,* ,**9*      ,B,D,C,C,B,D,B,D,B,C,A,B,D,A,A,C,C,D,B,B,A,B,C,C,A,B,A,C,C,C,B,C,C,A,D,B,C,D,D,A,B,C,D,B,A,C,B, ,B,A,B,A,B,B,C,C,B,B,C,C,B,B,A,B,B,B,A,A,D,A,B,B,C,B,B,C,C,C,A,B,B,C,B,A,A,B,B,B,D,A,B,B,A,C,C,A,C,A,C,A,1,1,1,1,
37,11502,10,15, ,10,9452665110,*,C,D,C,D,C,C,D,D,A,A,D,B,C,C,D,D,B,A,A,C,B,C,B,D,C,B,A,A,D,D,B,C,A,C,C,A,B,A,A,A,A,B,B,D,C,D,C,C,B,A,C,D,B,D,C,D,C,B,B,A,B,A,A,C,B,C,C,C,D,C,C,A,B,A,D,A,B,C,B,D,D,B,D,C,B,B,B,D,A,C,A,C,A,A,A,A,B,A,A,1,1,1,1,
38,11503,10,15, ,10,7572098157,A,B,D,A,B,D,C,D,D,A,A,D,B,C,C,D,C,D,A,A,C,C,C,B,D,C,B,A,A,D,D,B,B,A,C,*,A,B,A,A,A,C,B,B,A,C,D,C,C,B,B,C,D,B,D,C,D,A,B,A,A,B,B,B,C,B,C,A,C,D,C,A,A,B,A,D,B,A,C,B,D,C,B,D,C,B,A,B,D,A,A,B,C,A,B,C,A,D,B,B,1,1,1,1,
39,11504,10,15, ,9,8853663148,B,B,C,A,D,B,C,B,D,A,A,A,D,B,A,C,C,C,A,A,B,D,D,C,D,A,A,A,B,C,B,B,B,A,C,C,A,D,C,B,A,C,B,C,B,A,B,D,B,D,C,C,B,C,A,B,B,B,B,B,C,A,B,C,D,A,A,A,A,C,A,C,A,B,D,C,D,D,B,D,B,C,C,A,C,C,D,A,B,D,A,C,B,A,D,C,B,A,A,A,1,1,1,1,
40,11521,10,15, ,9,8318392812,D,B,C,A,B,B,B,C,D,C,D,C,D,A,A,C,C,C,C,B,A,B,D,C,D,C,D,B,C,B,B,C,C,A,D,B,A,B,C,A,A,B,B,C,D,A,A,D,C,D,D,C,B,C,A,A,B,B,B,A,B,D,A,A,B,D,A,A,D,D,C,C,B,B,A,B,C,D,B,B,C,C,B,B,C,B,B, ,A,D,D,B,D,C,D,C,D,A,C,A,1,1,1,1,
41,11505,10,15, ,10,8299459386,A,B,D,C,B,D,C,D,B, ,C,B,C,B,C,B,D,B,C,B,A,C,C,B,D,C,B,C,*,B,B,D,C,A,B,C,B,C,B,C,A,B,C,B,D,B,D,C,B,D,D,C, ,B,D,D,C,D,B,C,C,B,A,C,D,C,B,C,B,D,B,D,D,B,C,C,A,B,C,B,D,B,C,B,C,B,C,A,C, ,C,A,C,A,B,D,B,C,C,A,1,1,1,1,
42,11509,10,15, ,9,9453949723,C,A,C,A,A,A,B,A,B,B,A,A,B,D,A,B,C,C,B,B,A,C,C,C,C,C,B,C,B,B,B,A,A,C,A,A,D,D,B,A,B,C,D,B,B,C,B,B,D,A,B,D,B,B,C,B,*,B,C,D,D,A,B,A,B,C,A,A,B,C,C,C,B,D,B,C,C,D,C,D,A,B,C,B,C,D,C,A,A,D,C,B,C,B,D,A,A,A,C,A,1,1,1,1,
43,11508,10,15, ,10,9005066517,A,B,D,A,C,D,C,D,A,C,C,D,A,D,C,D,B,B,B,B,A,C,C,B,D,A,C,A,B,D,D,B,D,D,D,A,B,B,C,A,A,C,D,C,D,A,A,D,C,A,B,C,B,A,D,A,A,B,D,C,A,B,A,A,D,B,B,D,A,B,D,A,A,B,C,A,D,B,C,A,B,C,C,A,D,D,A,B,B,C,C,A,A,B,A,B,A,D,C,A,1,1,1,1,
44,11522,10,15, ,9,8400021254,B,D,D,A,B,D,C,A,A,D,D,B,D,A,A,C,D,D,C,B,A,A,B,C,C,D,A,C,B,B,C,B,D,C,A,B,C,D,B,A,A,C,A,C,D,C,B,C,D,B,C,A,D,B,D,B,B,B,C,B,C,B,D,A,C,A,C,C,B,B,A,D,D,C,A,C,B,D,D,A,C,B,D,B,C,C,C,B,A,A,B,A,C,C,D,B,D,A,A,B,1,1,1,1,
45,11510,10,15, ,9,9653089117,D,B,C,A,B,D,D,B,A,A,A,D,C,A,A,D,D,C,B,B,D,A,D,C,D,C,B,C,A,D,C,B,B,C,B,B,A,B,D,A,A,C,B,C,B,D,C,A,B,D,B,D,B,C,C,D,B,C,D,B,C,A,B,C,A,A,A,A,A,C,D,C,B,A,B,B,C,D,B,A,D,B,A,C,B,A,B,A,B,A,A,C,B,C,D,C,D,A,C,A,1,1,1,1,
46,11511,10,15, ,9,9044903904,B,B,C,C,C,C,D,A,A,C,A,C,C,D,A,B,D,D,B,D,D,B,D,C,D,B,C,A,B,D,A,C,A,A,D,B,C,A,C,A,B,A,B,C,C,C,B,A,B,B,C,C,C,C,A,A,B,C,B,B,C,A,D,A,B,A,A,A,D,C,C,B,B,A,B,B,B,D,C,B,B,C,D,C,C,D,B,A,B,D,B,B,D,B,D,C,D,C,C,B,1,1,1,1,
47,11512,10,15, ,10,9695710134,A,B,D,A,B,B,C,D,B,D,C,A,B,D,B,D,B,D,C,D,D,D,C,D,D,B,D,A,A,D,A,B,C,D,D,A,D,B,C,B,A,A,B,C,D,A,C,A,D,D,C,B,B,D,D,C,B,C,D,A,A,B,A,D,B,A,C,D,B,D,C,A,A,B,B,B,B,B,C,A,B,B,B,D,D,B,C,D,C,C,C,C,A,A,A,A,A,B,A,A,1,1,1,1,
48,11513,10,15, ,10,7651970898,A,B,D,A,B,C,C,D,B,B,D,D,A,C,D,D,D,A,C,D,D,C,C,B,D,C,D,C,D,B,D,B,D,B,D,A,C,B,B,D,A,B,C,B,D,A,D,D,B,D,B,D,B,A,D,C,C,A,C,B,A,A,A,C,A,B,D,B,B,D,C,D,A,B,D,D,A,D,C,A,C,D,D,A,C,C,A,B,B,D,B,C,A,A,C,A,C,*,A,B,1,1,1,1,
49,11514,10,15, ,9,9919220454,B,C,D,D,A,A,B,D,A,A,C,C,C,B,A,B,C,D,A,B,A,B,D,C,D,A,A, ,B,B,C,B,B,C,A,B,A,D,C,B,A,A,C,B,C,C,B, ,C,B,D,C,C,C,B,C, , , ,B, , ,B,B,D, , ,A,D,B,C,C, ,C,D,C, , ,B, ,C,C,A, ,C,D,A,A,D,A,B,B,A,A,D,C,D,C,A,A,1,1,1,1,
50,11515,10,*5, ,9,6386054734,C,D,C,A,A,B,D,A,D,D,A,B,D,B,A,B,D,C,A,A,A,D,D,C,C,C,B, , ,C,B,B,B,A,A,A,A,D,C,B,A,D,C,B,B,A,B,A,C,B,A,B,*,B,C,B,*,D,B,A,A,B,C,D,B,B,C,B,*,C,B,D,A,B,C,B,A,B,C,A,A,B,C,A,C,B,C,A,A,A,A,B,A,A,D,A,D,A,C,A,1,1,1,1,
51,11523,10,15, ,10,6388605340,A,B,D,A,C,D,A,D,B,D,B,A,A,A,B,D,B,B,B,A,D,C,C,B,A,B,C,A,B,C,D,C,C,B,D,C,A,B,A,B,A,A,B,B,B,A,D,B,C,B,A,C,B,B,D,C,D,C,B,A,A,B,B,B,B,B,C,D,B,C,C,C,A,A,C,D,B,B,C,B,A,C,B,A,D,B,A,D,B,B,B,A,C,A,A,C,A,C,A,D,1,1,1,1,
52,11517,10,15, ,10,8090608687,A,B,D,A,C,D,C,D,D,D,D,D,A,C,B,D,B,B,C,B,D,A,C,B,D,A,C,A,B,C,D,C,C,A,B,A,A,B,A,A,A,A,D,D,D,C,D,D,D,D,*,A,A,A,D,C,B,C,D,D,A,C,A,C,C,C,B,B,B,D,C,C,A,B,D,B,D,C,D,B,B,B,D, ,C,A,C,B,D,C,A,A,A,A,C,B,D,B,A,B,1,1,1,1,
53,11520,12,15, ,10,9369580499,C,B,D,D,B,D,C,D,D,B,C,C,A,B,C,D,B,B,A,C,D,D,C,B,D,A,C,A,C,C,D,B,D,D,C,A,A,B,C,D,A,A,D,D,A,A,D,A,C,A,B,D,B,B,D,B,D,A,B,A,A,B,A,A,A,B,B,D,B,B,A,B,A,B,B,B,C,A,B,D,B,D,B,A,A,C,A,D,C,D,D,C,A,A,B,A,A,B,A,A,1,1,1,1,
54,11518,10,15, ,10,8115802079,A,B,D,A,C,B,C,D,B,C,B,A,B,C,A,D,A,B,C,A,B,C,C,B,D,A,C,A,A,D,D,A,C,D,D,C,A,A,B,B,A,D,B,A,B,A,D,C,D,A,B,B,D,D,D,A,C,A,A,C,A,B,A,B,A,A,C,D,B,D,C,C,A,B,B,A,A,A,A,B,D,C, ,C,B,A,A,B,B,C,D,A,A,A,B,B,C,C,B,A,1,1,1,1,
55,11701,10,17, ,10,9756546261,D,B,D,C,B,D,C,B,D,B,D,B,A,C,B,D,B,B,C,C,B,A,A,D,D,A,B,D,B,C,B,B,A,C,A,D,C,C,C,B,A,A,C,A,B,B,A,A,C,D,B,C,B, ,A, ,C,C,A,B,B,B,A,A,D,B,C,D,C,D,C,B,A,B,C,B,B,C, ,B,A,D,D,D,C,A,C,A,C,B,D,C,C,A,C,B,A,B,A,A,1,1,1,1,
56,11703,10,17, ,  ,8958036515,A,B,D,A,C,C,C,B,C,A,B,D,B,B,A,D,A,B,C,A,C,D,A,A,C,C,C,A,A,C,D,B,A,D,B,D,A,D,B,B,B,C,C,A,D,B,D,B,A,D,B,D,D,A,A,B,A,D,B,B,A,B,A,A,B,B,B,A,B,D,A,A,B,B,C,A,A,A,B,B,A,B,C,A,D,B,A,A,B,A,B,A,C,B,B,C,B,B,B,A,1,1,1,1,
57,11704,10,17, ,9,9997507803,B,A,D,A,B,B,C,A,A,C,D,A,C,B,A,C,C,C,C,B,A,B,C,C,C,C,D,C,C,D,A,C,C,C,B,A,D,D,C,B,A,B,B,C,C,A, ,A,B,C,A,C,C,C,C,A,B,C,B,C,A,D,B,C,*,A,A,A,B,C,C,C,B,C,C,C,C,B,C,C,A,C,C,C,C,A,D,D,A,D,A,B,B,B,D,C,C,C,C,B,1,1,1,1,
58,11705,10,17, ,9,9528296547,A,A,B,B,C,D,B,B,C,C,B,D,D,D,C,D,C,A,C,A,B,D,D,C,C,A,A,D,A,D,B,B,C,A,A,D,B,D,D,D,B,A,*,C,B,A,B,C,A,A,B,A,B,C,C,B,C,B,B,D,D,A,B,C,A,A,B,A,B,C,A,*,B,D,D,B,C,D,C,C,B,B,C,A,C,A,B,B,A,A,B,C,C,B,D,A,B,A,A,A,1,1,1,1,
59,11706,10,17, ,10,9837835154,A,B,D,D,C,D,C,B,B,C,C,D,A,A,A,D,A,C,A,B,D,C,A,D,D,A,C,A,B,B,D,C,*,D,D,B,D,D,A,B,A,A,C,D,B,A,D,D,D,C,B,C,A,B,D,A,D,C,A,B,A,B,A,A,D,B,C,D,A,D,C,B,A,B,C,B,B,A,D,D,B,A,C,D,D,A,C,A,D,B,D,C,A,A,B,A,A,B,A,A,1,1,1,1,
60,11707,10,17, ,9,9027590478,A,C,C,A,B,B,B,D,D,A,D,A,D,B,A,B,C,A,C,C,A,B,D,C,B,B,D,C,B,D,C,B,C,C,D,B,B,D,B,B,D,B,B,A,B,D,B,C,B,C,C,A,A,C,D,C,A,B,C,D,D,A,B,D,C,A,A,B,D,C,C,B,A,D,B,D,A,B,B,C,C,B,D,B,C,D,C,B,A,B,A,C,A,B,D,B,B,A,A,A,1,1,1,1,
61,11708,10,17, ,9,9997546566,B,C,D,A,B,D,C,D,A,A,C,B,D,D,A,D,C,C,D,B,D,A,D,D,A,B,D,D,C,D,B,B,A,D,C,A,D,C,C,B,A,A,B,C,B,B,B,C,D,B,B,A,A,C,C,B,A,C,B,A,B,A,B,A,C,A,A,A,D,C,C,D,A,A,C,D,C,D,C,D,B,A,D,B,C,A,B,D,C,D,B,B,D,B,D,A,B,A,C,A,1,1,1,1,
62,11* 0,10,* ,*, *, 74* 43** ,A,B,C,A,B,A,C,D,D,A,C,C,D,B,B,B,C,B,A,D,A,B,D,D,D,B,A,D,C,D,A,A,A,B,A,D,C,D,B,B,C,A,D,A,D,B,C,D,D,B,A,C,B,B,C,A,D,B,A,A,C,B,C,A,B,D,B,A,B,C,B,A,C,B,D,C,C,B,A,A,A,B,A,B,C,A,A,C,A,B,A,B,A,D,C,A,A,A,B,B,1,1,1,1,
63,11710,10,17, ,9,9557762929,B,B,C,A,C,B,D,A,C,B,D,A,D,A,A,B,C,C,C,B,C,B,D,C,C,B,D,A,D,D,C,A,C,A,D,A,A,A,B,C,A,B,A,C,D,D,C,A,C,B,A,B,B,C,A,D,B,C,B,B,C,A,B,C,A,A,B,A,A,C,B,C,A,D,C,B,B,D,B,A,C,A,A,D,C,C,A,B,A,D,B,B,C,B,D,C,A,A,C,A,1,1,1,1,
64,11711,10,17, ,10,9927110092,A,B,D,A,C,D,C,D,A,B,C,D,B,A,C,B,D,A,*,D,C,A,C,B,D,C,D,A,B,D,D,B,C,D,A,C,C,B,B,D,A,A,B,C,C,A,D,D,C,B,C,A,D,B,D,B, ,D, , ,A,B,A,A,B,B,C,B,C,D,D,C,A,B,D,D,B,B,B,B,B,A,C,D,C,A,C,C,D,A,C,C,A,B,C,A,A,B,A,A,1,1,1,1,
65,1*001,10, *, ,* ,***6      ,A,B,C,A,B,C,B,B,B,C,A,B,A,C,C,B,D,A,B,C,A,A,C,C,C,C,D,B,C,A,B,B,C,A,D,B,A,C,B,A,A,D,B,A,B,B,B,A,D,A,D,C,B,C,A,A,B,B,A,B,D,A,D,C,B,D,A,A,D,C,B,B,C,B,A,C,B,B,D,B,A,B,B,A,C,A,C,D,A,A,A,C,A,B,D,C,C,A,B,B,1,1,1,1,
66,12002,10,20, ,9,6388655426,A,B,D,D,B, , , , , ,A, , , , , , , , , , , , , , , , , , , , , ,B, , ,B, , , ,A, , ,B,C,B,D, ,D,B,*,D,C,B,C,A,D,B,C,B,B,C, ,B,C,D,A,A,A,A,C,B,C,A,D,D,D, ,D,B,D,B,C,C,D,C,A,A,A,C,D,A,C,C,C,C,B,B,A,B,B,1,1,1,1,
67,12003,10,20, ,9,93****9377,A,B,A,B,C,A,D,B,B,A,A,D,D,C,A,B,C,D,A,A,A,A,D,D,D,A,C,B,C,D,C,C,A,A,D,D,C,D,C,A,A,B,B,C,D,D,C,A,A,C,B,D,B,A,A,D,B,C,B,D,D,D,B,C,D,A,A,A,A,C,C,C,A,D,B,C,C,D,B,A,B,C,C,D,C,A,B,A,A,D,A,C,C,B,D,A,A,A,C,B,1,1,1,1,
68,12004,*,20, ,9,9305083615,B,D,C,A,C,D,B,A,D,C,A,C,B,A,A,B,C,D,A,C,A,B,D,B,D,C,B,D,B,D,A,C,B,C,D,A,C,B,D,C, ,B,B,C,B,A,B,A,C,C,B, ,B,C,A,D,B,C,B,B,C,A,C,C,A,A,A,A,D,C,B,C,A,D,A,C, ,D,B, ,B,C,C, ,C, ,D,A,A,B,B,B, , , , , , ,B,D,1,1,1,1,
69,12005,10,20, ,9,975201123*,D,B,D,A,A,A,C,B,A,C,A,C,D,D,B,C,D,A,A,A,A,C,B,B,D,C,A,A,B,C,B,B,A,A,A,A,A,B,A,A,A,B,B,C,B,D,B,D,B,A,A,D,B,C,A,D,B,C,B,B,C,B,B,B,A,D,A,A,B,C,A,C,C,B,A,B,A,A,A,D,B,B,B,C,C,A,C,A,D,B,*,B,A,D,D,C,D,A,C,A,1,1,1,1,
70,12006,10,20, ,9,9555916747,B,D,A,B,B,D,B,C,A,A,A,C,B,B,A,D,C,D,B,B,B,B,D,C,D,B,B,C,B,D,C,C,B,C,D,C,C,B,B,A,C,A,B,C,B,B,C,A,C,C,C,B,C,A,A,B,B,C,A,*,C,A,C,C,A,A,A,A,A,C,A, ,A,C, ,C,B,*,B,B,A,C,B,B,C,C,C,B,A,D,C,C,A,A,D,C,D,A,C,D,1,1,1,1,
71,12007,10,20, ,9,8090778085,D,B,B,B,D,B,C,C,D, ,*,C,D,D,A,B,C,C,C,D,A,C,D,C,B,A,C,C,B,D,A,C,C,A,D,A,A,B,B,B,D,A,B,C,B,A,D,A,B,D,A,C,B,C,*,D,B,D,C,C,A,A,B,D,A,D,A,A,D,C,A,D,B,A,D,C,C,A,D,*,A,C,A,A,C,A,C,C,D,D,B,B,A,A,D,A,*,*,*,D,1,1,1,1,
72,12009,10,20, ,9,7355690333,D,B,D,A,C,D,C,A,D,A,A,B,B,D,A,B,C,C,C,D,A,A,D,C,C,D,C,B,D,D,D,B,D,C,A,B,A,B,D,A,C,A,B,C,D,A,A,B,A,D,A,C,D,C,D,B,B,C,B,C,B,A,C,A,B,A,B,A,A,C,C,C,B,C,B,B,C,A,B,A,C,B,D,B,B,A,B,B,A,D,A,B, , , ,B, , , , ,1,1,1,1,
73,1*010,10,20, ,9,7753073262,B,D,D,D,D,A,*,B,B,D,D,D,C,A,A,B,*,C,B,B,B,A,D,D,A,B,D,D,B,C,D,B,A,A,D,A,A,A,A,B,D,D,B,B,B,A,C,A,B,B,D,*,D,B,D,C,C,C,C,A,C,A,B,D,D,D,A,D,A,A,A,A,B,D,D,C,C,C,*,D,C,C,C,C,D,C,C,A,A,D,D,B,A,A,D,C,B,A,B,D,1,1,1,1,
74,12011,10,20, ,9,6393634647,D,C,D,B,D,D,C,D,A,A,A,C,A,B,C,B,C,B,B, ,D,B,D,D,A,D,C,*,B,D,B,B,A,D,A,D,C,D,D,B,B,C,B,C,B,C,B,D,A,D,C,C,B,C,C,D,B,B,C,D,A,C,A,C,D,C,A,C,B,C,A,D,A,A, ,C,B,A,D,B,B,B,C,C,A,C,*,A,C,D,A,B,B,D,D,A,B,C,A,A,1,1,1,1,
75,12013,10,20, ,10,7007312248,A,B,D,A,C,D,C,D,B,C,C,D,A,B,C,D,B,B,A,B,C,C,C,B,D,C,C,A,B,A,D,B,B,C,B,B,A,B,C,A,A,B,B,B,C,A,D,A,D,A,B,C,C,B,D,C,D,D,A,C,A,B,A,A,B,B,C,D,A,D,C,A,A,B,D,C,B,C,C,D,B,B,C,D,D,C,A,B,C,D,B,A,A,B,B,C,A,B,B,A,1,1,1,1,
76,12014,10,20, ,10,9628940699,A,B,D,A,C,D,C,D,B,C,B,D,C,C,B,B,A,A,C,A,A,D,A,B,D,A,C,A,B,C,D,B,C,D,B,A,A,B,C,A,A,A,B,D,D,A,D,B,A,D,B,C,D,B,D,B,D,B,A,B,A,B,A,A,C,B,A,A,B,D,D,C,A,B,C,A,A,B,B,B,B,B,B,B,B,A,A,D,B,B,D,C,A,A,B,C,B,A,B,A,1,1,1,1,
77,12015,10,20, ,10,8887539065,A,B,D,D,C,D,C,D,B,A,A,C,B,C,A,D,B,C,C,C,D,C,C,B,D,A,C,A,D,D,D,C,C,D,D,A,B,B,C,B,A,D,B,D,B,A,D,B,A,C,B,B,D,B,*,C,D,C,B,D,A,B,B,B,A,B,A,A,C,B,C,C,A,B,C,D,A,A,C,B,B,D,C,A,A,A,A,C,D,A,B,A,C,A,A,D,A,B,C,A,1,1,1,1,
78,12016,10,20, ,10,8081253690,A,B,D,A,C,D,C,D,A,B,C,B,B,C,C,D,A,B,C,C,D,A,C,B,D,C,C,A,B,D,D,C,C,D,D,A,A,B,A,B,A,A,D,B,C,C,D,B,*,C,B,A,B, ,*,C,C,C,B,D,A,B,A,A,B,B,*,A,A,B,C,C,A,B,C,*,D,B,A,B,D,A,A,A,A,A,C,*,B,D,D,C,*,A,A,A,A,B,A,A,1,1,1,1,
79,12017,10,20, ,1,7052595942,A,B,D,A,C,D,C,D,A,B,C,D,B,A,A,B,A,C,C,A,A,C,A,B,D,B,B,A,C,D,D,A,C,C,D,A,D,B,C,D,D,C,A,C,B,A,C,C,B,A,B,C,D,B,D,B,C,C,B,A,A,B,C,C,C,B,A,A,C,B,A,B,C,B,D,A,A,B,C,B,B,D,B,A,A,A,A,C,C,A,A,C,A,A,B,A,B,A,B,D,1,1,1,1,
80,12018,10,20,0,10,9621836790,A,B,D,A,C,D,C,D,B,C,B,C,B,B,A,D,B,B,C,B,D,C,C,B,D,A,C,A,B,D,D,C,B,B,D,C,A,B,A,D,A,A,D,D,A,B,D,C,C,A,B,C,D,B,D,C,B,C,A,B,A,B,A,A,B,C,C,D,C,D,C,C,A,B,C,B,D,C,A,B,D,D,B,D,B,D,A,A,D,D,C,C,A,A,A,A,A,B,A,B,1,1,1,1,
81,12019,10,20, ,10,8303097090,D,D,D,C,B,C,C,B,D,A,C,A,D,B,D,D,B,C,A,B,A,C,A,A,D,B,C,A,A,D,D,D,B,A,B,A,D,B,D,A,B,C,B,D,A,C,B,C,A,C,C,B,C,B,D,B,D,A,B,B,A,D,A,C,A,A,B,A,B,D,B,D,B,*,D,B,B,A,C,D,A,B,C,A,C,A,B, ,B, ,C,A,C,C,C,C, , , ,A,1,1,1,1,
82,10901,10,9, ,10,7017263381,A,B,D,*,C,D,C,D,A,B,B,D,B,B,B,D, ,C,B,C,C,D,C,B,D,C, ,A,B,D,D,B,C,D,D,B,A,A,A,B,A, ,B,D,C,D,D, ,A,D,B,C,B,A,D,B,D, ,B,B,A,D,A,A,A,C, ,D,B,D,C,A,A,B,C,B,A,B,C,B,C,B,C,A,D,C,B,D,B,A,B,C,A,A,B,A,A,C,A,B,1,1,1,1,
83,10902,10,9, ,9,7017412877,D,D,C,A,C,D,B,D,B,C,A,C,D,C,A,B,C,B,A,C,A,C,D,C,D,B,A,C,B,D,C,C,B,A,D,B,D,A,A,B,C,B,B,D,B,D,B,A,C,B,C,D,B,C,C,D,B,C,B,B,C,D,B,C,A,A,A,A,B,C,C,C,A,B,B,B,C,D,B,D,C,B,A,D,A,C,B,A,A,D,D,A,B,C,D,C,D,B,C,B,1,1,1,1,
84,10903,10,9, ,9,9568591773,C,A,C,A,B,B,D,A,A,A,A,B,D,A,A,B,D,C,C, ,A,B,D,C,D,D,D,C,B,D,B,C,A,A,D,B,D,D,A,A,A,C,B,D,B,D,C,*,B,D,D,C,B,C,A,B,B,B,D,A,B,A,B,A, ,D,A,A,A,C,C,C,B,B,B,B,B,D,B,B,A,B,A,B,D,A,C,A,D,D,A,C,A,C,D,C,D,A,A,B,1,1,1,1,
85,10904,10,9, ,10,9758056534,A,A,D,B,B,A,C,B,A,B, ,D,B,D, ,D,A,A,C,B,D,C,*,B,D,B,C,A,B, ,D,C,C,A,D,A,B,C,B,A,A,A,B,C,B,A,D,D,C,B,B,C,B,C,D,C,D,D,A,B,A,B,A,B,D,B,D,B,D,D,C,D,B,B,C,B,A,C, ,B,D,A, , , , ,C,A,A,A,D,C,C,B,A,A,A,B,A,A,1,1,1,1,
86,10905,10,9, ,9,7088688709,C,B,C,A,B,A,D,C,B,A,A,A,C,C,A,B,C,D,B,C,A,A,D,C,D,A,B,A,D,C,B,C,A,D,D,B,B,D,C,A,A,B,B,A,B,D,A,A,C,B,B,A,B,C,*,D,B,C,B,B,C,A,B,C,D,B,A,A,A,C,B,C,A,D,A,D,B,D,*,D,A,B,C,A,C,C,C,B,A,A,D,A,D,A,D,A,D,B,D,B,1,1,1,1,
87,10906,10,9, ,10,7830523879,A,C,D,A,A,B,C,D,B,D,A,D,A,D,A,D,A,D,B,D,C,D,A,A,C,C,B,A,D,C,D,A,C,D,B,D,D,B,C,D,A,D,B,C,D,D,B,A,C,D,B,C,B,C,D,A,D,C,B,D,A,C,A,A,D,B,C,D,C,D,C,C,A,B,A,B,A,D,B,D,D,C,B,C,A,A,C,D,D,B,D,A,C,A,D,D,A,A,B,A,1,1,1,1,
88,10907,10,9, ,9,8006144726,C,B,C,B,B,C,C,B,A,B,A,B,C,C,B,C,C,C,B,A,A,B,D,C,D,C,A,A,B,C,B,B,B,C,A,A,C,D,D,A,D,C,B,B,B,C,C,B,D,B,A,D,D,C,D,B,B,A,B,A,C,A,B,C,A,A,A,A,A,C,A,C,A,C,C,C,C,D,A,D,B,C,C,C,C,C,B,B,C,A,B,C,B,C,D,C,C,A,C,A,1,1,1,1,
89,10908,10,9, ,10,8279478189,A,B,D,A,C,D,C,D,B,D,B,D,D,B,C,D,B,C,C,A,C,A,C,D,D,C,D,A,D,C,D,C,B,D,B,A,C,A,A,C,A,A,D,C,B,A,A,B,C,A,B,B,C,D,D,C,D,B,B,A,A,A,A,A,A,A,C,A,B,D,A,C,A,B,B,B,A,B,D,B,B,D,C,B,A,D,C,C,C,D,C,A,A,B,B,B,A,D,B,B,1,1,1,1,
90,10601,10,6, ,9,9997122369,B,B,C,B,B,C,D,A,A,A,A,D,B,A,A,B,C,A,C,A,B,A,D,C,D,A,D,C,B,C,C,B,B,C,D,B,C,A,B,A,A,B,B,C,B,D,C,A,C,C,B,C,B,C,C,D,B,C,B,B,D,A,B,C,A,A,A,A,A,C,A,C,A,C,D,B,C,D,B,A,B,D,C,D,A,A,B,B,D,D,A,C,B,B,D,C,D,A,C,B,1,1,1,1,
91,106*2, ,6, ,9,8445338014,A,C,A,B,B,D,B,B,A,B,D,B,D,A,A,B,C,D,D,B,A,C,D,C,B,C,D,C,C,D,A,C,B,A,D,B,B,D,D,A,D,B,B,C,B,D,A,D,C,C,D,D,B,A,C,D,B,C,B,B,C,A,B,C,A,A,A,A,A,C,A,C,A,B,D,D,B,D,B,A,A,A,C,A,C,C,B,B,A,A,A,B,B,C,D,A,D,A,C,B,1,1,1,1,
92,10603,10,6, ,9,9897184959,B,A,C,A,B,D,A,D,D,A,A,C,D,A,A,B,D,C,A,B,D,A,D,C,D,D,D,C,B,D,B,D,D,C,D,B,C,D,D,A,A,C,B,D,B,A,B,B,A,B,D,C,B,C,A,B,B,C,B,D,A,D,B,A,A,A,A,B,C,D,B,C,A,D,A,B,D,D,A,A,B,C,D,A,C,C,B,A,A,D,A,C,B,C,D,C,D,A,C,A,1,1,1,1,
93,10604,10,6, ,12,9389273711,A,B,D, ,C,D,C,D,D,A,B,D,D,A,C,D,*, ,C, ,D,C,C,B,D,A,D,A,B,D,B,C,C,A,D, ,B,B,A,A,A, ,D,C,D,D,D, ,C,D,B,D,B,B,D,B,D,C,D,B,A,B,A,B,C,D,C,D,A,D,B,C,A,B,C,B,A,C, ,B,D,D,C,D, ,C,B,C,D,A,*,C,A,A,B, ,A,B,C,B,1,1,1,1,
94,10605,10,6, ,10,9012573988,A,B,D,A,C,D,C,D,B, , , , , ,A,D, , ,D, ,D,C,C,C,D,A,A,A,B,C,D,C,B,D,D,B,B,B,A,A,A,A,B,B, , , , , , , , , , ,D, , ,C,A,B,A,B,A,A,B, ,C,D,C,D,C,A,A,B,C,B,D,B, ,B,D, ,C, ,C, ,C, , ,C,D,C,A,A,A,A,A,D,A,A,1,1,1,1,
95,10606,10,6, ,10,9997813331,A,B,D,A,C,D,C,D,B,D,B,A,B,C,B,D,A,B,C,C,A,C,C,B,D,A,C,A,B,C,D,D,B,D,D,A,C,B,A,A,A,B,A,D,D,A,D,B,C,B,B,C,B,A,D,D,C,B,A,B,A,A,A,A,D,A,C,D,C,A,C,C,A,B,D,B,C,C,B,B,A,D,C,D,A,B,B,C,C,B,D,C,A,A,A,A,A,B,A,A,1,1,1,1,
96,10607,10,6, ,9,9012430736,B,D,C,A,A,A,B,B,D,A,D,B,D,A,A,B,C,C,B,A,D,B,C,C,B,B,B,B,B,B,B,C,C,C,D,A,C,D,B,B,A,A,B,C,B,A,C,A,D,B,B,C,B,C,C,C,B,C,B,C,D,D,B,C,B,D,A,A,B,C,B,C,B,A,B,B,C,D,*,D,A,B,B,D,B,B,B,C,*,A,D,C,B,A,D,C,B,A,A,A,1,1,1,1,
97,11601,10,16, ,10,8266077699,A,B,D,A,C,D,C,D,D,B,C,D,B,A,B,D,C,B,C,D,D,C,C,A,D,C,D,A,B,D,C,C,C,D,D,B,C,B,C,D,A,A,D,B,B,A,D,B,C,B,B,D,D,B,D,A,B,C,D,B,A,B,A,A,D,B,D,D,C,A,C,C,A,B,B,D,B,B,A,B,B,C,D,A,A,C,A,C,D,B,D,C,A,A,B,C,A,B,A,A,1,1,1,1,
98,11603,10,16, ,9,9389587817,A,C,C,A,B,D,B,D,A,C,A,C,D,D,A,C,C,C,B,B,A,B,B,C,B,D,A,D,D,D,C,C, ,A,C,A,D,D,C,B,D,B,B,*,B,D,D, ,D,D,C,A,D,A,A,A,C,D,A,B,D,A,D,A,A,C,B,B,D,B,A,A,B,B,D,C,C,C,B,A,C,A,C,A,C,C,C,A,A,D,A,B,C,D,D,C,B,A,*,B,1,1,1,1,
99,11604,10,16, ,9,9690910325,C,D,A,A,D,C,C,C,*,D,D,B,D,D,A,C,C,D,B,B,A,B,B,C,B,D,A,D,D,D,C,C, ,A,D,A,D,D,C,B,D,B,B,B,B,D,B,D,B,B,B,A,D,C,A,D,A,C,B,D,B,A,D,B,A,C,D,B,B,C,A,A,B,B,D,C,C,C,B,B,B,A,C,A,C,C,C,B,*,D,A,B,C,D,D,A,B,A,C,A,1,1,1,1,
100,11605, ,16, ,  ,9837141292,A,A,B,A,A,A,B, , ,B,A,A,D,D,A,B,C,D, ,B,A,B,C,C,B,D,A,C,B,C,C,B,A,D,C,A,C,D,B,A,A,B,B,D,B,D,C,A,B,C,D,D,B,C,A,*,B,B,B,B,C,A,B,B,A,A,B,A,D,C,B,C,A,*,C,C,B,B,B,C,B,C,B,C,C,A,C,A,A,A,B,B,B,C,D,B,A,A,A,A,1,1,1,1,
101,11606,10,16, ,10,9837412350,C,B,D,A,C,D,C,*,D,B,B,D,B, ,A,D,B,D,D,A,C,A,A,B,D,A,C,A,C,D,D,C,C,C,D,D,C,B,A,A,D,B,D,D,C,D,B,D,C,A,B,D,D,A,C,C,A,D,A,B,A,B,A,A,B,B,B,D,C,D,C,D,A,B,A,A,A,D,B,D,B,A,B,B,A,D,C,C,B,A,C,C,C,B,B,B,A,C,A,A,1,1,1,1,
102,11 7*,10, *, , *,***4     9,B,C,B,B,B,C,C,C,B,D,A,B,D,D,B,B,D,C,C,B,B,A, ,C,D,A,B,C,D,D,B,B,D,B,B,B,C,C,D,A,A,B,B,C,B,D,A,D,*,C,A,B,B,C,A,A,B,B,B,D,B,D,B,B,C,D,A,A,A,C,A,C,B,A,B,C,C,B,B,A,B,C,B,A,C,A,C,A,A,D,C,B,B,C,A,A,D,C,B,A,1,1,1,1,
103,11609,10,16, ,9,9411610776,C,D,A,A,D,A,B,A,B,A,A,C,C,A,A,A,C,C,B,A,A,B,B,C,C,A,D,C,B,D,B,C,B,D,D,B,D,A,B,B,A,D,B,A,B,D,B,D,B,B,C,A,D,C,A,C,A,A,B,D,B,B,B,C,C,A,A,A,B,B,A,C,B,D,A,C,B,B,B,B,C,B,A,D,C,D,B,C,D,D,A,B,B,D,C,C,D,B,A,B,1,1,1,1,
104,11610,10,16, ,9,8077152795,C,A,C,B,D,*,B,D,B,B,A,D,D,D,A,B,C,D,C,B,*,A,D,A,C,B,C,B,B,*,C,B,C,D,C,D,B,D,A,A,B,A,B,B,C,*,B,D,B,B,B,A,D,C,A,B,A,B,D,B,C,B,A,A,C,B,B,C,C,A,C,A,B,D,C,D,A,*,B,D,B,C,A,B, ,C,B,A,B,B,B, ,A,B,D,B,C,B,B,D,1,1,1,1,
105,*11  ,10,* , ,* ,**8       ,D,B,D,A,C,C,C,D,A,B,B,D,A,A,B,D,A,D,A,C,D,C,A,B,D,C,D,A,B,C,D,B,C,D,B,A,D,B,A,D,A,B,D,B,C,C,A,D,A,B,B,C,B,A,D,A,C,B,B,D,A,B,A,C,D,B,C,B,A,B,D,C,A,B,C,C,C,B,A,D,A,B,B,D,C,D,A,C,B,B,B,A,A,B,A,D,A,B,A,A,1,1,1,1,
106,11613,10,16, ,10,7599614575,A,B,D,A,C,B,C,D,A,A,B,D,B,B,*,A,C,B,C,B,C,C,C,B,D,C,C,C,A,C,A,C,B,C,B,A,D,A,C,D,A,C,B,C,B,B,C,A,D,B,B,D,B,B,C,A,B,C,B,C,A,C,B,A,C,B,B,A,C,D,B,C,A,B,C,C,B,B,C,B,B,A,D,D,B,A,B,B,A,A,C,A,A,A,C,C,B,A,B,A,1,1,1,1,
107,116*4,10,16, ,9,9520620272,A,*,A,*,A,C,C,C,B,D,A,B,D,D,B,B,D,C,C,B,B,A,C,D,D,A,B,D,D,D,B,B,D,B,B,B,C,C,D,A,B,A,B,C,B,A,D,B,B,C,A,B,B,D,A,A,B,B,B,C,B,B,A,D,C,D,A,A,A,C,A,C,B,A,B,C,C,B,D,A,B,C,B,A,C,B,C,A,A,D,C,B,A,C,A,C,B,C,B,C,1,1,1,1,
108,10701,10,7, ,12,8010643246,B,A,A,C,D,D,B,A,D,D,B,C,A,B,A,A,B,D,C,D,A,B,D,C,D,C,B,D,C,C,B,D,B,B,D,B,D,D,A,C,D,D,B,C,A,A,B,C,D,A,A,B,D,C,D,B,C,A,D,D,B,D,C,A,B,D,D,D,C,A,C,C,D,C,A,*,B,C,C,D,D,D,B,C,A,A,D,A,C,B,C,B,D,A,A,D,A,B,C,C,1,1,1,1,
109,10702,10,7, ,12,9910212667,C,B,D,B,B,D,D,B,D,D,B,C,D,D,A,A,C,B,B,C,B,D,B,A,C,B,B,A,C,B,D,C,B,C,C,C,A,C,C,C,A,D,A,C,D,B,C,D,B,B,B,A,B,B,B,B,B,A,B,B,C,C,C,C,C,C,C,C,C,C,C,C,C,C,C,B,B,B,B,B,B,B,B,B,B,B,B,B,B,B,B,B,A,C,B,C,B,C,D,D,1,1,1,1,
110,     , ,  , ,  ,          ,B,A,C,B,B,D,A,B,D,D,A,C,B,A,A,C,A,C,C,B,D,B,A,C,B,D, ,A,A,C,C,C,B, ,B,D,B,D,C, ,B,C,A,B,C,C,B,B,C,A,A,B,C,B,B,B,B,C,A,C,B,A,B,C,D,A,B,B,A,C,B,A,C,D,B,B,A,C,C,D,D,D,B,C,A,B,B,C,D,B,A,B,A,B,B,C,B,B,C,A,1,1,1,1,
111,10705,10,7, ,*2,8447490499,B, ,A,B, ,B,D,A,B,D,B,C,A,C,D,C,B, ,D,D, ,B,D, ,B,A,C,D,D,B,C,D,A,A,D,D,A,C,D,C,B,D,C,A,D, ,B,B,D,A,A,C, , , , , , , , , , , , , , , ,A,A, ,C,C, , , , , , , , ,A,D,B,C,A,A, ,D, , ,C,C, ,A,A,D, , , ,B,1,1,1,1,
112,10706, ,7, ,12,9718899622,B,C,C,C,B,D,D,A,D,D,B,C,A,B,A,C,A,D,B,C,B,D,A,A,B,C,B,A,A,C,B,A,D,B,B,D,D,*,A,C,B,D,B,B,C,C,D,A,C,A,C,C,C,B,B,C,B,B,C,B,C,C,D,B,B,D,B,B,C,C,B,C,C,A,B,C,C,C,B,C,B,A,C,C,A,B,C,B,B,B,A,B,A,C,A,C,B,D,B,C,1,1,1,1,
113,10707,10,7, ,12,9891413641,D,C,C,D,A,B,A,B,D,A,B,C,D,B,D,C,B,B,D,C,B,B,A,C,D,B,B,B,D,C,D,B,A,C,D,A,A,D,C,C,C,D,C,B,C,C,B,B,B,B,D,D,C,A,C,B,B,C,C,B,A,C,C,B,B,B,B,B,C,B,D,C,A,D,D,A,A,B,A,C,B,B,D,A,A,B,C,D,B,B,C,B,A,B,A,C,B,C,B,D,1,1,1,1,
114,10709,10,7, ,12,9870049208,B,C,C,B,C,B,D,B,D,B,D,C,B,A,A,B,C,A,A,B,B,A,B,D,B,C,A,A,B,C,C,C,B,A,C,A,D,B,C,C,A,D,C,D,C,C,D,B,C,A,A,D,D,B,C,D,C,D,A,D,B,C,B,B,C,A,B,B,A,A,B,D,B,B,B,C,B,C,C, ,B,C,D,B,C,B,C,C,B,B,A,B,A,A,B,C,B,A,B,C,1,1,1,1,
115,10710,10,7, ,  ,9871812548,C,B,C,D,C, ,A,C,A,A,B,C,B,A,A,C,A,B,D,B,B,C,B,B,D,C,B,A,A,C,A,A,D,A,C,D,B,A,C,B,B,C,B,C,C,B,A,B,C,B,A,B,B,A,C,D,A,C,D,B,B,B,A,A,B,C,B,B,B,C,A,A,C,C,B,B,B,A,A,C,B,A,A,C,B,C,B,D,B,B,A,A,B,B,B,A,B,A,B,C,1,1,1,1,
116,10711,10,7, ,12,9911620345,C,C,B,D,B,D,D,A,B,D,B,C,A,B,A,C,A,B,C,*, ,D,C,B,A,C, , ,A,A,B, , ,C,B, ,D, , ,C,A,C, , ,B, , , ,C,A,A,A,C,B,B, ,C,C,B,B,B,B,B,D,D,A,A,C,C,A,B,C,C,D,B,C,C,B,C,C,C,D,A,C,C,D,D,A,C,B,C,B,A,B,B,C,B,B,B,A,1,1,1,1,
117,10401,10,4,3,10,7302183443,A,B,D,A,C,D,C,D,A,C,A,D,C,C,B,D,C,A,A,A,D,C,C,B,D,A,C,A,B,D,D,C,A,B,D,A,A,B,A,C,A,A,B,B,B,B,D,B,C,A,B,C,A,A,D,B,D,C,A,B,A,B,A,A,B,B,C,C,C,D,C,A,A,B,C,B,A,C,D,B,A,D,B,B,D,D,C,A,C,D,D,C,A,A,A,A,A,B,B,B,1,1,1,1,
118,10402,10,4,0,9,9368775794,B,A,A,B,B,B,C,C,D,C,D,C,D,A,A,B,D,C,C,A,A,A,D,C,C,A,D,A,B,D,A,C,B,A,D,B,C,B,C,A,A,B,B,C,B,A,C,A,C,B,D,C,B,C,C,D,B,C,B,B,B,A,C,C,A,A,A,A,A,C,A,C,A,C,D,C,C,D,B,A,B,B,C, ,C,A,A,B,A,D,B,B,C,C,D,A,D,D,A,A,1,1,1,1,
119,10403,10,  ,0,10,9719625115,A, ,D,A,C,D,C,D, ,C,C,D,A,D, ,D,B,C,B,C,A, ,C,B,D,A,B,A,D,D,C,C,A, ,B,A,C,C,C,D,A,B,B,D,B,B,D,C,A,B,B,A,B,C,D, , , , ,B,A,B,D,A,D,D, ,B, ,D, , ,B,B,A,C, ,B, , , , ,C, , ,A,A, , ,C, , ,A,A,B, , ,C,B,A,1,1,1,1,
120,10404,10,4,0,10,9548213107,A,B,D,A,C,D,C,D,A,C,B,A,A,C,B,D,B,B,A,C,B,D,C,D,D,C,C,A,*,D,D,B,C,D,A,A,B,B,C,B,A,A,D,B,D,A,D,B,A,C,B,C,B,B,D,B,D,C,A,B,A,B,A,A,B,B,C,B,D,A,C,A,B,A,C,A,B, ,*,A,D,*,D, ,B,A,C,B, ,C,B,B,A,A,B,C,D,B,A,A,1,1,1,1,
121,10405,10,4,3,9,9258532734,B,A,B,A,B,B,C,A,B,B,A,B,D,B,A,C,C,C,B,A,A,B,B,C,D,B,D,C,B,C,A,C,B,A,D,A,C,D,B,B,A,B,B,D,D,B,B,A,C,B,B,C,B,A,C,B,D,B,B,D,C,A,B,C,D,D,B,A,A,C,C,C,B,B,C,C,C,D,B,C,C,C,A,A,C,D,C,C,C,D,A,B,A,C,D,A,B,A,C,B,1,1,1,1,
122,10406,10,4, ,10,9027477145,A,B,D,A,C,B,C,D,D,D,A,A,A,A,B,D,C,D,B,D,C,D,C,B,D,B,C,A,D,D,A,A,C,D,C,B,B,B,C,A,C,A,D,D,C,B,B, ,B,D,B,D,B,D,D,B,B,C,B,C,A,B,A,A,C,B,C,D,B,D,A,C,B,B,A,C,A,D,D,B,B,C,C,D,D,A,A,B,A,C,D,C,A,A,A,C,C,B,A,A,1,1,1,1,
123,10407,10,0*, ,9,8171124517,C,A,B,B,C,C,A,B,D,*,A,C,D,C,A,B,C,D,D,B,C,D,B,C,C,A,C,D,D,C,A,D,B,A,D,B,A,B,D,A,A,C,B,D,C,C,A,B,C,D,C,C,B,D,C,C,D,C,B,D,A,B,C,B,A,A,B,D,A,B,B,D,B,B,C,C,C,D,D,B,C,B,*,D,C,A,C,B,A,B,D,B,A,B,A,C,B,C,B,A,1,1,1,1,
124,10408,10,4,4,10,7668203859,A,B,D,A,C,B,C,D,A,A,C,A,A,C,B,D,C,A,C,B,D,C,C,B,*,A,C,A,B,D,D,C,A,D,B,A,B,B,C,A,A,A,B,D,C,B,D,D,A,B,B,C,B,A,D,D,C,C,B,C,A,B,A,A,B,D,C,D,B,D,B,C,A,B,C,B,D,B,C,B,C,C,B,D,C,A,A,C,D,D,B,C,C,A,B,C,B,B,C,A,1,1,1,1,
125,10409,10,4, ,9,9837738758,B,B,B,D,A,B,A,D,D,A,A,A,A,A,A,D,D,C,B,B,C,A,B,C,A,D,D,C,D,D,A,D,C,B,A,C,B,D,B,A,A,C,A,D,B,A,B,A,C,B,A,C,D,D,D,B,D,B,A,D,C,A,B,*,A,B,A,*,C,C,C,D,B,A,B,D,B,C,A,D,B,B,A,A,A,A,D,A,A,D,C,B,A,D,D,C,B,C,C,A,1,1,1,1,
126,1.00E+10,10,4,3,9,8057367858,C,B, ,C,C,*,C,D,A,D,D,A,A,B,B,C,C, ,B,B,D,A,D,C,C,D,B,A,D,D,C,B,C,B,C,D,C,D,D,B, ,C,B,D,D,C,D,D,C,D,B,D, ,C,D,C,D,B,C,D,D,B,C, ,C,B,B,D,C,B,A,C,A,A,B,C,D,A, ,A,B, ,C,D,D, ,C,D,A,D,C,B,A,D,B,C,C, ,A,D,1,1,1,1,
127,10411,10,4,3,9,9756452551,A,B,C,A,B,B,B,B,B,B,A,A,D,C,A,B,D,C,C,C,A,B,D,C,D,B,B,C,B,C,B,D,D,C,D,B,A,A,C,A,A,B,B,C,B,D,C,A,A,D,B,D,B,C,C,D,B,C,B,B,C,D,B,A,A,A,A,A,A,C,D,C,A,B,A,D,C,D,C,A,B,A,A,A,C,A,C,B,*,D,B,C,B,A,D,C,D,A,C,A,1,1,1,1,
128,10413,10,4,0,10,9259611651,A,B,B,A,C,B,B,D,B,B,A,D,B,A,C,D,A,A,C,B,C,C,C,B,D,C,C,A,B,A,D,D,C,D,D,A,A,B,C,A,C,A,C,D,D,D,A,B,B,A,B,C,D,B,C,C,C,D,B,*,A,B,A,B,A,A,D,D,A,D,A,A,A,B,C,D,A,B,B,B,C,A,B,A,A,A,C,C,B,A,C,A,C,C,C,D,A,D,B,A,1,1,1,1,
129,10414,10,4,3,*0,9639327490,A,B,D,D,C,D,C,D,B,C,B,A,B,C,B,D,*,C,C,D,A,D,C,B,A,A,B,A,B,C,D,C,D,A,A,B,C,D,A,D,A,B,C,D,A,B,C,D,A,B,C,D,A,B,D,A,B,C,D,D,A,B,C,*,A,*,D,A,B,C,D,A,A,B,C,*,C,D,A,B,D,A,C,D,A,B,C,D,A,B,*,A,C,A,B,C,D,C,C,A,1,1,1,1,
130,40415,10,4,1,10,9837760533,A,B,D,A,D,D,C,D,B,C,A,D,B,B,B,D,B,B,A,C,D,C,C,B,D,B,B,A,A,D,C,A,A,D,B,A,A,B,A,A,A,B,B,D,B,A,D,C,B,C,B,C,B,B,D,C,C,C,A,B,A,A,A,A,B,B,B,D,D,B,B,C,A,B,C,B,A,B,A,B,C,C,B,D,D,C,A,C,D,B,D,B,A,A,A,A,A,B,B,A,1,1,1,1,
131,*1*  ,10,4,0,9, *58688786,C,C,D,C,D,D,C,D,A,A,A,C,D,*,A,C,C,*,C,D,D,A,*,C,A,A,D,A,A,C,B,B,B,D,D,D,C,D,D,B,A,B,D,B,B,B,D,B,C,B,C,C,B,C,A,D,B,C,B,C,B,B,B,A,B,A,A,A,C,B,A,A,C,B,B,C,C,C,A,A,C,B,A,A,A,C,C,B,D,B,A,B,A,C,D,C,A,A,D,C,1,1,1,1,
132,10417,10,4, ,9,9837915671,B,C,D,A,B,B,B,B,B,C,C,A,A,A,A,C,C,B,C,A,D,B,B,C,B,B,D,A,D,D,B,D,B,A,B,B,A,D,B,A,A,B,B,B,A,C,B,A,B,B,A,A,B,C,C,A,B,A,B,B,A,D,B,A,C,A,A,B,A,A,B,A,B,C,B,C,A,C,D,B,A,C,A,B,B,C,A,C,A,D,D,B,A,D,B,B,B,B,D,B,1,1,1,1,
133,10418,10,4,3,9,8218616836,B,C,B,C,D,C,A,B,C,C,A,C,D,C,A,C,D,C,D,C,A,B,B,C,B,A,B,C,D,D,C,B,D,B,C,B,A,D,B,A,D,B,B,*,B,D,*,A,C,B,C,C,B,C,C,B,A,B,*,D,C,D,C,C,A,A,A,A,B,C,B,C,B,C,D,C,B,D,C,D,B,C,C,B,D,A,A,B,B,D,A,B,C,B,C,B,B,D,C,B,1,1,1,1,
134,10419,10,4, ,10,8433061665,C,B,D,A,D,B,C,D,B,C,C,D,D,B,A,D,B,D,D,C,D,B,A,B,D,A,C,A, ,C,A,C,C,D,D,B,C,B,A,A,B,C,D,C,D,A,D, ,A,B,B,D,D,B,*,C,D,A,B,C,A,*,A,A,B,B, ,B,C,B,C,C,A,B,A,B,A,C,D,B,C,B,C,D,C,C,B,B,B,A,B,A,A,A,B,C,C,A,A,A,1,1,1,1,
135,10420,10,4,0,9,8899464801,C,A,D,A,C,D,B,D,D,C,A,B,C,C,A,D,D,C,C,A,B,A,C,D,B,A,D,C,D,D,C,B,A,A,D,B,A,D,D,C,A,B,B,C,B,D,B,*,B,C,B,A,B,C,B,A,B,C,C,D,C,B,C,D,A,D,A,B,D,C,B,A,D,C,D,C,C,B,C,A,B,D,A,C,C,A,C,B,A,D,A,B,A,C,D,A,D,A,D,B,1,1,1,1,
136,10421,10,4,2,10,9520408022,A,D,D,A,B,C,C,D,B,C,C,A,A,B,A,D,A,C,C,A,C,D,C,D,D,A,B,A,B,D,C,C,C,D,C,B,C,A,A,A,B,B,D,D,A,B,A,D,B,A,B,A,A,A,D,D,D,A,B,C,A,A,A,A,C,A,B,D,B,C,C,A,A,B,D,B,C,C,B,A,B,A,A,A,A,D,A,D,A,D,C,C,A,A,A,A,A,B,B,A,1,1,1,1,
137,10422,10,4, ,10,8171536906,D,B,D,A,C,D,C,D,B,B,D,D,A,B,B,D,C,D,C,C,C,C,C,B,D,A,C, ,B,D,D,B,A,A,D,A,A,B,C,A,A,B,B,B,B,A,D,A,A,D,B,C,D,B,D,D,D,C,A,B,A,B,A,A,B,B,C,D,C,D,C,A,A,B, ,A,A, ,A,B,A,C,C,C,C,A,C, ,B,B,B,C,C,A,A,A,A,B,A,A,1,1,1,1,
138,10423,10,  , ,  ,9027398645,C,D,A,C,A,C,D,D,B,C,A,C,B,B,B,C,C,B,B,A,A,A,D,B,B,D,C,C,D,B,D,B,B,C,D,B,C,A,A,B,*,B,C,D,*,D,B,B,B,D,A,A,B,B,C,B,B,A,B,C,D,A,C,D,B,B,A,B,C,A,B,D,D,B,B,C,B,*, ,C,A,B,D,A,D,A,C,A,A,A,A,B,A,B,D,A,A,B,D,B,1,1,1,1,
139,*0303,10,3, ,9,9411416644,B,A,B,B,C,D, ,D,C,C,D,B,D,D,C,C,D,B,B,C,A,B,D,C,B,C,D,C,A,C,B,B,A,A,B,A,C,C,D,B,C,A,D,C,B,C,D,C,B,C,D,A,C,A,A,B,B,B,A,A,D,A,D,C,B,C,C,A,B,B,D,A,C,C,C,C,C,B,A,C,C,A,B,B,C,C,C,B,A,D,C,B,C,B,D,C,D,A,C,C,1,1,1,1,
140,10305,*,3, ,*0,9259373785,A,B,D,A,C,C,C,D,B,D,A,D,B,C,B,D,A,C,B,A,C,B,C,B,*,B,C,D,B,D,A,D,A,B,D,B,C,B,A,B,A,A,B,C,B,A,C,B,A,B,B,D,D,B,D,B,A,B,A,C,A,B,A,A,C,B,A,D,B,D,B,C,A,B,D,A,B,B,A,B,D,D,*,C,B,A,B,D,C,C,C,A,C,B,B,B,B,C,A,B,1,1,1,1,
141,10304,10,3, ,9,*897265770, ,C,C, , ,B, ,D, , ,C, ,C,D,A,D,C,C, , , ,B,B,B,B,B,C, ,C,D,A,A, , , , ,C, ,D, , , ,B,C,C,A,A, , ,B,C,B, ,C,C,D, ,B, , ,D,A, ,A, , ,A, ,A,C, , ,A, ,A,D, , ,C,C,B,B,A, ,C, , ,D,A,A,B,C,D,B,D,C,C,A,A,D,1,1,1,1,
142,1**  ,10,*3, ,9,9639827035,D,B,*,A,B,A,A,D,A,B,B,C,D,D,A,B,D,C,B,A,D,B,C,*,A,D,B,B,C,D,B,A,B,C,D,D,C,B,D,B,D,B,B,C,B,B,C,D,B,D,C,A,B,B,C,B,C,D,B,B,D,A,B,A,C,A,A,A,D,C,C,C,B,A,C,C,C,B,B,A,B,B,B,B,C,A,C,A,A,A,A,B,A,D,B,D,C,C,B,B,1,1,1,1,
143,10306,10,3, ,10,7618259146,A,B,D,A,B,C,C,D,A,A,A,D,B,B,B,D,B,C,B,B,C,C,C,C,D,A,C,A,B,D,D,C,B,D,C,D,C,A,A,C,A,C,D,*,D,B,D,C,B,B,B,C,B,C,D,D,D,C,A,B,A,D,A,B,D,B,C,B,C,B,C,C,A,A,B,B,B,B,C, ,B,C,B,C,D,A,B,B,D,A,C,C,C,A,C,B,C,A,A,A,1,1,1,1,
144,10302,10,3, ,10,7017751826,A,B,D,A,B,A,C,D,B,C,A,D,B,A,B,D,C,B,C,A,C,C,C,A,D,A,C,A,D,B,D,D,C,B,D,A,C,C,B,A,C,B,*,C,B,A,D,C,*,B,*,B,B,A,D,D,B,C,B,C,A,D,A,A,C,C,A,B,C,D,C,C,A,B,C,B,A,B,D,B,D,B,C,D,C,A,C,C,B,D,A,A,A,B,B,C,C,B,B,A,1,1,1,1,
145,10309,10, *, ,9,9808670333,B,B,C,B,A,D,C,A,A,B,A,D,C,C,A,C,D,B,B,A,A,B,B,C,D,B,B,C,B,D,C,C,B,A,D,A,D,A,B,A,A,B,B,*,B,D,C,A,C,C,B,D,A,C,C,D,A,B,B,B,B,B,B,C,D,A,A,A,A,*,C,C,A,C,D,B,C,D,B,B,D,C,C,D,C,C,A,C,A,D,B,B,D,C,D,C,C,A,C,A,1,1,1,1,
146,10311,10,3, ,10,9058947755,C,D,D,C,A,B,C,A,C,A,A,D,B,C,A,D,D,B,C,D,A,A,B,D,A,B,C,C,A,D,D,C,A,A,C,A,C,B,B,A,D,B,B,A,C,B,D,D,A,D,D,A,D,A,D,C,D,D,A,C,A,A,D,C,B,C,B,D,B,D,C,D,A,B,A,A,A,C,D,D,D,C,B,D,C,A,C,A,C,A,C,A,*,A,B,C,A,B,B,A,1,1,1,1,
147,103 *,10,3, ,9,8630817145,D,A,D,A,D,C,A,C,A,B,B,C,D,D,C,B,C,D,A,C,D,B,D,A,B,C,C,A,D,A,B,B,A,*,A,A,B,C,D,D,A,C,C,A,C,C,D,C,A,D,C,B,C,D,C,C,A,D,C,D,A,B,A,A,D,B,A,A,A,D,A,B,A,B,D,C,D,B,A,D,A,B,C,D,A,B,A,B,C,D,C,B,A,A,B,A,B,A,B,D,1,1,1,1,
148,10307,10,3, ,10,74510 9239,A,B,D,A,B,B,C,D,A,C, ,C,D,A,A,B,B,C,C,A,A,B,B,B,D,C,C,A,B,D,D,C,C,D,D,A,C,A,C,B,A,B,A,B,C,A,D,B,A,B,A,B,C,D,A,C,D,B, ,C, ,C,A,B,A,B, ,A,B, ,B,B,B,B,C,C,A, ,A,C,D,D,C,B,C,C, ,A, ,B,C,A,B,A,B,C,B,A,C,A,1,1,1,1,
149,10301,10,3, ,10,8979255253,A,B,D,A,C,C,C,D,B, , ,D,B,D,A,D,A,B,B, ,C,C,A,B,D,C,D,A, ,B,D,B, ,A, ,A,D,C,C,C, , ,B,D, , ,D, ,A, ,B, ,B, ,D,B, , , , ,A,B,A,A,B,B, ,D,C, ,C,C,A,B,C, ,B,B, , ,D,B,A, , , , , , , ,C,C,A,A,A,C, , ,B,A,1,1,1,1,
150,10801,10,8,2,10,9935531418,A,*,B,A,C,B,C,D,A,B, ,D,B,B,A,A,D,B,D,*,C,B,C,C,D,A,D,A,D,C,C,*,B,B,D,A,C,B,A,A,C,D,C,D,A,A,C,C,C,B,B,B,B,B,A,D,D,C,B,D,A,D,A,C,C,B,D,A,C,D,C,C,A,B,B,C,*,A,D,D,C,D,B,D,D,A,C,C,A,D,C,C,C,A,C,C,B,A,C,D,1,1,1,1,
151,10802,10,8,1,9,9454977656,B,A,A,A,A,D,A,D,A,C,A,A,C,A,A,C,C,C,B,B,B,A,D,C,B,A,D,B,B,D,D,B,A,B,A,A,A,A,D,A,D,B,B,B,B,C,A,B,C,D,D,C,D,B,C,A,D,B,B,D,C,B,A,C,A,A,A,A,B,B,B,C,A,B,A,B,B,D,C,A,A,B,D,B,C,D,A,B,A,D,C,B,C,B,D,C,D,A,D,A,1,1,1,1,
152,10803,10,8,1,10,8181869972,A,B,D,D,C,D,C,D,A,A,B,D,A,B,A,D,D,C,C,C,C,D,A,A,A,C,C,A,B,B,D,C,C,D,C,A,B,B,A,A,A,A,D,B,D,A,D,B,B,D,B,B,B,B,D,A,B,C,C,B,A,B,B,C,A,A,C,B,C,B,A,A,C,B,B,*,A,B,C,B,B,C,B,B,D,C,B,D,B,C,A,C,A,C,C,C,D,B,D,A,1,1,1,1,
153,*0805,10,8,0,10,7897241616,C,*,D,A,C,B,C,*,A,A,A,D,D,B,B,D,C,C,D,D,D,B,*,C,D,A,D,B,B,D,A,C,C,C,D,B,B,*,C,A,A,A,B,A,B,A,B,C,B,C,B,C,B,C,A,D,B,C,B,D,A,D,B,C,C,C,*,*,B,C,C,C,A,B,B,C,B,A,B,D,D,D,C,D,C,C,C,B,A,D,B,B,B,A,D,C,B,A,C,D,1,1,1,1,
154,10806,10,8,2,0,9794453804,B,A,C,A,C,B,C,A,A,B,A,C,D,A,A,B,C,C,C,A,B,B,D,C,D,A,D,B,B,D,A,C,C,C,D,B,B,A,C,A,A,A,B,A,B,A, ,C,B,C,D,C,B,C,A,D,B,C,B,D,A,D,B,C,C, ,A,A,B,C,C,C,A,B,B,C, ,D,B,D,D,D,B,D,C,C,C,B,A,D,B,B,B,A,D,C,B,A,C,D,1,1,1,1,
155,10807,10,8,0,9,7860285218,B,D,C,A,B,D,C, ,B,A,D,B, ,A,A,C,D,C,D, , ,B,D,C,D, , , , ,D,B,B,B, , , , ,D,C,A, , ,B,D,B, ,B, , , , ,D,B, ,A, ,A, ,B, , ,B,A, , , , ,C,D,C, , , ,B, ,B,C,D,D,D,A,B,D,B,C,A,B,B,A,B,D,C,C,C,D,C,D,A,C,C,1,1,1,1,
156,11401,10,14, ,9,7007089215,B,C,D,A,B,D,A,A,D,B,A,D,C,A,A,B,C,D,A,B,A,B,D,C,B,A,B,A,B,D,B,C,B,D,D,A,C,B,B,A,D,B,B,C,A,A,B,A,B,C,A,D,B,C,A,D,B,C,B,C,B,D,C,C,A,A,A,A,A,C,A,C,A,B,D,B,C,D,B,B,B,B,D,C,A,A,B,A,A,D,A,C,B,C,D,C,C,A,C,B,1,1,1,1,
157,11402,10,14, ,9,8528192998,A,C,B,A,C,A,C,D,C,B,A,A,D,B,A,C,D,D,C,C,D,B,D,C,A,A,C,D,C,C,B,D,A,D,B,D,C,C,D,A,A,B,B,D,B,A,C,A,C,B,A,B,B,C,C,D,B,B,B,D,C,A,C,D,A,A,A,D,B,C,D,C,A,A,C,C,C,A,B,A,C,D,C,A,D,B,B,A,A,A,C,B,D,B,D,C,B,A,A,D,1,1,1,1,
158,11403,10,14, ,9,9936490471,B,B,C,A,B,B,A,D,B,A,A,C,A,C,A,B,C,C,B,A,A,B,D,C,B,D,B,C,B,C,B,B,B,C,C,B,A,B,C,A,D,B,B,C,B,A,B,A,A,D,B,D,B,C,A,D,B,B,B,D,C,A,B,C,A,D,A,A,A,C,C,C,A,A,D,C,C,D,B,D,A,B,D,A,C,C,C,A,A,C,A,A,A,B,D,C,C,A,A,A,1,1,1,1,
159,11404,10,14, ,9,8756008086,A,C,A,D,A,C,B,A,D,B,A,A,A,D,A,D,C,C,D,A,C,D,D,C,D,A,B,C,B,D,B,A,D,A,D,A,C,B,C,A,C,B,B,A,B,C,B,D,B,B,A,C,C,C,A,D,A,B,B,D,B,A,C,C,A,D,D,B,D,C,B,A,B,B,C,C,B,A,C,B,B,C,C,B,C,D,B,B,D,A,A,A,D,C,D,A,B,A,B,A,1,1,1,1,
160,405,10,14, ,9,8528192998,C,B,B,A,B,D,D,D,D,A,A,C,B,A,A,C,C,D,C,A,A,B,D,C,C,D,D,C,D,C,B,C,B,A,D,A,C,D,C,A,A,A,B,C,C,C,A,A,B,B,D,D,D,C,C,D,B,B,B,B,C,A,B,D,C,A,A,A,A,A,C,B,D,D,B,C,D,B,B,B,C,C,C,B,D,A,B,C,A,A,A,B,A,B,D,A,D,A,C,A,1,1,1,1,
161,11407,10,14, ,9,98*7263563,B,D,C,A,B,B,D,D,B,C,A,B,D,B,A,B,C,A,C,B,B,B,D,C,D,B,D,A,B,D,B,C,B,A,A,A,D,B,C,C,A,B,B,D,B,B,A,D,C,C,B,B,B, ,A,D,B,C,B,B,D,A,B,A,C,A,A,A,A,C,B,C, ,D,C,C,C,A,D,D,B,C,C,B,C,A,C,B,A,D,A,B,B,C,D,D,C,A,A,B,1,1,1,1,
162,11408,10,14, ,9,9598925776,B,D,A,B,C,D,C,B,D,A,A,C,D,B,A,B,C,C,B,D,B,B,D,C,D,C,B,D,A,D,D,B,D,C,D,D,B,B,D,A,D,B,B,C,B,B,B,A,A,C,B,B,B,C,C,D,B,A,B,D,B,A,C,C,B,C,A,A,B,C,C,C,D,C,C,C,B,B,B,A,C,C,A,B,C,B,C,C,A,D,C,D,B,C,D,C,D,B,A,B,1,1,1,1,
163,11409,10,* , ,9,8423092121,B,B,A,B,C,D,C,C,C,A,B,D,D,C,A,B,D,C,B,C,B,A,*,D,C,D,A,C,C,D,B,A,C,D,D,A,D,B,C,D,B,D,B,B,D,D,A,D,D,B,C, ,C,C,C,D,A,B,C,D,A,B,C,D,A,D,B,D,B,D,B,B,B,D,A,C,D,C,A,D,B,C,D,D,C,B,C,C,C,D,A,B,A,C,D,A,B,C,B,D,1,1,1,1,
164,11410,10,14, ,9,9450155335,B,A,D,B,B,C,A,D,A,A,A,C,D,A,A,B,C,C,D,B,A,B,D,C,D,D,D,C,B,D,B,C,B,A,A,B,C,D,C,A,A,B,B,C,B,D,C,A,B,C,B,D,B,C,A,D,B,C,B,B,C,A,B,A,A,A,A,A,D,C,C,C,A,C,A,C,C,D,B,A,B,D,C,D,C,B,D,A,B,D,A,C,B,C,D,C,B,A,C,B,1,1,1,1,
165,11411,10,14, ,9,7236928793,C,A,C,B,B,B,C,D,B,C,D,B,A,B,A,B,C,B,B,C,D,C,A,C,B,B,D,C,D,D,C,C,A,B,D,B,B,D,C,D,A,B,B,A,C,D,B,B,A,C,D,A,C,D,A,B,C,D,B,D,C,B,B,C,B,D,A,A,C,B,B,C,B,C,B,C,B,D,A,D,C,B,A,C,D,C,C,B,A,A,A,B,C,B,C,B,D,C,B,C,1,1,1,1,
166,11412,10,14, ,9,9793041900,B,C,A,D,C,A,D,D,D,D,A,B,A,B,A,C,A,D,C,C,A,B,B,C,B,B,D,A,B,D,A,C,B,C,D,C,D,D,C,B,A,B,B,C,B,D,D,D,*,A,B,A,B,*,C,D,B,B,B,B,A,A,A,C,A,D,A,A,B,C,C,C,A,C,C,C,C,D,C,A,B,A,C,D,C,B,A,A,A,D,B,A,A,B,D,A,D,A,C,B,1,1,1,1,
167,11413,10,14, ,9,9696956498,A,B,C,B,B,B,B,D,A,A,A,D,D,D,A,C,C,D,C,A,D,B,B,C,B,B,D,C,D,C,D,B,B,C,A,B,C,D,C,A,A,C,B,C,D,A,C,B,B,D,B, ,B,A,C,A,*,C,B,D,D,A,D,A,A,A,A,A,D,C,C,C,A,C,B,C,C,B,C,D,B,B,D,D,C,D,C,D,A,A,A,B,*,A,D,C,C,A,D,A,1,1,1,1,
168,11414,10,14, ,9,9935649550,B,D,A,D,B,D,C,A,B,B,A,A,D,A,A,B,D,C,C,A,A,B,D,C,B,D,C,C,B,D,A,C,C,A,D,A,D,A,C,A,A,B,B,D,B,D,A,C,B,A,C,D,B,B,A,A,B,C,B,D,B,D,B,C,A,B,A,A,A,C,C,C,A,D,C,C,D,D,B,B,A,C,B,D,C,A,D,B,D,C,D,C,D,C,D,C,C,B,A,B,1,1,1,1,
169,11415,10,14, ,9,8707080655,B,B,D,D,B,B,C,C,A,B,A,D,C,C,A,C,C,D,C,B,D,A,C,C,B,C,D,C,C,D,A,B,D,C,D,D,D,B,B,A,A,B,B,C,B,A,C,A,C,C,B,D,B,C,C,D,B,C,B,B,C,A,B,C,A,A,A,A,A,C,C,C,B,A,D,C,C,A,B,D,B,A,A,A,*,B,A,B,A,D,A,C,D,C,D,C,D,A,C,B,1,1,1,1,
170,11416,10,14, ,9,9696647083,A,C,C,B,B,C,D,C,A,C,A,B,D,A,A,C,C,D,A,C,A,A,C,C,B,A,C,C,B,D,D,C,B,C,D,B,A,C,A,B,D,B,B,D,B,D,B,A,A,C,B,D,B,C,A,B,A,C,B,B,C,A,A,C,C,A,C,A,D,C,A,C,A,D,D,C,C,D,B,A,B,B,C,B,B,D,B,A,A,D,A,C,B,C,D,A,D,C,C,A,1,1,1,1,
171,11417,10,14, ,9,7408990254,D,B,C,A,B,B,C,C,D, ,A,C,B, ,A, , , , , , , ,D,C,B,C, ,D, ,C, ,A,B,A, ,B,D,A,C, ,A,C,B,C,A,B,C,A,A,C,D,A,B,C,A,D,B,C,B,B,D,A,B,C,D,D,C,A,B,C,C,C,A,D,D,C, ,D,B,B,A,B,C,D,B,A,B,A,D,A,A,D, ,D,A,C,D, ,C,A,1,1,1,1,
172,11418,10,14, ,9,9555272976,B,C,A,A,D,D,A,A,C,A,C,A,D,B,B,B,D,C,C,C,D,A,C,D,B,A,D,D,C,D,B,B,B,C,A,A,D,B,D,B,A,B,B,B,B,C,A,D,*,A,D,C,A,D,A,A,B,B,B,D,B,B,A,C,D,C,A,A,B,C,A,C,B,D,B,C,C,B,A,D,C,C,D,B,D,A,C,A,D,D,D,C,A,B,D,B,D,A,C,A,1,1,1,1,
173,11419,10,14, ,9,9455632790,B,A,C,D,B,D,A,D,C,A,A,B,D,A,A,B,C,D,C,C,C,B,B,C,B,A,B,C,C,D,B,A,D,B,D,B,B,D,C,B,C,B,B,D,B,A,B,A,B,D,A,D,B,B,A,A,C,B,C,C,A,A,A,C,A,D,B,A,C,C,D,A,B,C,D,C,D,D,B,C,C,C,C,A,C,B,D,D,C,A,C,C,A,B,D,A,D,A,D,A,1,1,1,1,
174,11420,10,14, ,9,9839185299,C,A,C,C,C,A,D,B,A,C,A,A,D,B,B,C,C,D,B,B,C,A,C,C,B,C,D,C,A,D,A,B,A,A,B,B,A,A,C,B,B,C,B,D,A,B,B,A,D,B,D,A,B,C,B,C,D,A,B,B,D,*,A,C,C,C,A,A,B,C,A,C,A,D,D,B,C,C,B,D,A,B,A,C,C,D,C,B,A,D,A,B,B,D,D,C,D,A,A,*,1,1,1,1,
175,11421,10,14, ,10,9453941885,A,B,D,A,C,D,C,D,A,C,C,A,D,A,B,D,B,C,C,B,D,C,C,B,D,A,D,A,A,C,D,D,C,D,C,B,C,B,A,A,A,A,D,C,D,A,D,A,C,D,B,C,B,B,D,D,B,D,B,C,A,B,A,A,B,B,B,B,B,D,C,C,*,B,C,B,A,A,A,D,B,C,C,A,B,A,A,C,B,B,A,A,C,A,C,B,B,A,*,A,1,1,1,1,
176,11422,10,14, ,10,8779096626,A,B,D,A,C,D,C,D,B,C,C,C,A,C,A,D,A,A,D,A,A,C,A,B,D,A,C,A,A,B,D,C,C,A,B,A,A,B,B,B,A,A,D,D,B,A,D,D,A,C,B,C,D,D,D,C,D,D,B,C,A,B,B,C,C,B,C,D,D,D,C,B,A,B,A,A,A,D,D,B,B,D,B,C,D,B,C,A,B,B,C,A,A,A,B,B,D,C,B,B,1,1,1,1,
177,11423,10,14, ,10,9936296603,D,B,D,A,A,B,C,B,A,D,A,D,A,A,C,B,A,C,C,B,A,B,C,B,C,C,C,A,D,B,D,C,B,A,B,D,A,B,A,D,B,A,D,A,C,D,D,D,C,B,B,C,B,D,A,B,D,C,B,A,A,D,A,A,B,D,C,B,C,B,D,C,A,B,A,C,A,B,A,C,A,A,B,C,A,A,A,B,C,A,A,A,C,A,B,C,B,B,C,A,1,1,1,1,
178,11424,10,14, ,10,9044928197,A,B,D,A,C,D,A,D, ,C,B,D,B,C,C,B,A,C,A,A,D,C,C,B,D,D,C,A,A,D,A,C,C,D,D,D,B,A,C,A,A,A,D,A,B,A,D,A,C,D,B,C,B,B,D,B,D,A,D,C,A,B,B,A,C,B,B,D,C,D,D,C,A,B,C,A,A,B,A,B,D,D,C,B,C,A,A,D,B,A,B,A,A,A,C,C,B,A,B,A,1,1,1,1,
179,11425,10,14, ,10,9559445048,A,B,D,D,C,D,C,D,B,A,A,D,B,C,A,D,A,C,C,D,D,C,C,B,D,A,C,A,B,C,A,A,A,D,B,A,A,B,A,D,A,A,D,A,C,A,D,D,C,C,B,C,B,B,D,B,B,C,B,B,A,B,A,A,B,B,C,B,C,D,C,C,A,B,C,B,D,C,B,D,D,C,B,D,C,C,A,D,B,A,B,C,C,A,C,C,A,B,A,A,1,1,1,1,
180,11426,10,14, ,10,9936121620,A,B,D,C,C,D,C,D,B,C,B,B,C,C,C,D,B,B,A,D,D,C,C,B,D,A,C,A,B,D,D,D,A,D,C,B,D,B,C,B,A,A,B,B,B,A,D,B,C,C,B,B,C,A,D,B,B,C,B,B,A,B,A,A,B,C,A,D,C,D,D,C,A,C,C,B,B,C,A,B,A,D,D,D,B,D,C,B,D,A,D,A,A,B,B,A,A,C,B,A,1,1,1,1,
181,11427,10,14, ,10,9452997602,A,B,D,A,A,D,C,D,A,C,C,D,B,C,A,B,B,C,C,C,C,C,C,B,D,C,C,A,B,D,D,D,C,D,D,C,C,B,C,C,A,A,B,B,D,A,D,A,C,B,B,C,B,B,D,B,D,C,A,C,A,B,A,A,B,B,C,D,C,D,C,C,A,B,C,B,D,B,D,B,B,C,B,A,C,C,A,B,B,D,D,C,A,A,B,A,A,B,A,A,1,1,1,1,
182,11428,10,14, ,10,8808449176,C,A,C,A,B,B,B,B,A,A,D,D,D,D,A,D,A,B,A,A,B,D,C,A,C,D,C,A,A,C,D,C,C,D,B,A,B,A,D,C,C, ,C,A,D,C,D,D,A,D,B,C,D,C,D,C,B,A, , ,C,D,A,A,D,C,D,D,B,D,A,D,D,B,C,D,A,B,B,D,A,B,B,A,D,B,A,C,B,B,C,A,A,C,B,C,B,B,A,B,1,1,1,1,
183,11429,10,14, ,10,9026353679,A,B,D,A,C,D,C,D,A,A,A,C,B,C,B,B,D,A,D,D,D,C,C,B,D,A,C,A,B,A,A,D,C,A,D,A,A,B,C,B,A,B,D,A,A,A,A,D,D,A,B,C,D,B,D,D,D,A,B,C,A,A,A,A,A,B,C,D,B,B,D,C,A,B,A,B,A,B,A,C,B,B,C,D,A,A,A,D,C,B,D,A,B,A,A,C,C,C,A,B,1,1,1,1,
184,11430,10,14, ,10,9335806552,A,B,D,D,C,D,C,D,B, ,A,D,D,A,D,B,A,C,D,A,D,C,C,B,D,A,D,A,B,D,B,C,C,A,D,A,A,B,C,C,A,B,D,B,D,C,D,B,C,B,B,D,D,D,D,C,D,C,C,A,A,B,A,B,A,B,B,D,C,D,A,C,A,B,C,D,D,B,A,B,B,D,A,B,D,B,C,B,C,A,B,C,C,A,A,A,A,B,A,A,1,1,1,1,
185,11431,10,14, ,10,9616341172,C,A,D,D,C,C,C,D,B,C,B,D,A,B,C,C,C,A,C,C,A,C,B,B,A,A,B,A,B,D,D,C,C,D,B,A,B,B,A,C,A,A,C,D,C,A,B,B,A,D,B,C,B,A,D,D,D,D,C,B,A,D,B,A,C,A,C,B,C,B,B,A,A,B,C,D,A,B,B,C,B,C,A,B,C,D,B,C,C,A,C,C,B,A,C,B,A,A,B,A,1,1,1,1,
186,11432,10,14, ,10,8127837376,A,B,D,A,C,A,B,D,B,B,C,D,B,C,B,D,A,B,A,B,D,B,C,B,D,D,C,A,A,D,C,D,B,D,B,A,C,B,A,D,B,A,D,C,C,A,D,D,A,A,B,B,C,B,D,C,D,B,A,B,A,D,A,A,A,D,D,D,B,D,C,A,A,B,C,C,A,B,C,B,A,B,C,D,B,A,B,C,B,D,D,A,C,A,B,A,D,B,A,A,1,1,1,1,
187,**433,10,14, ,10,639269*137,C,C,B,D,C,B,C,B,D,B,A,D,A,D,D,D,B,D,C,A,B,A,A,D,A,D,D,B,B,C,D,C,B,D,D,B,A,B,B,D,D,B,B,D,B,C,B,B,D,D,B,D,D,B,D,D,D,D,A,D,A,B,A,D,A,C,D,B,D,D,D,D,A,C,C,D,A,B,B,A,A,B,D,D,C,A,D,D,D,A,C,A,A,C,B,C,B,B,B,A,1,1,1,1,
188,11434,10,14, ,10,9839556252,D,A,D,A,C,C,C,D,B,C,A,D,A,C,B,B,A,A,C,A,A,C,A,A,D,A,B,C,A,D,A,C,C,A,D,A,A,A,C,D,A,A,D,C,B,A,D,B,C,B,C,B,D,C,D,C,D,D,A,C,A,A,B,C,A,D,D,D,B,C,A,B,A,C,D,A,A,B,A,D,B,B,A,A,D,A,B,C,C,B,C,A,*,A,D,C,C,B,B,B,1,1,1,1,
189,*1435,10,14, ,10,87870*2202,C,B,D,A,A,D,C,D,A,C,D,D,B,B,C,D,B,C,C,B,D,A,C,A,B,B,C,A,B,D,D,C,D,B, ,D,D,B,B,D,C,A,B,A,B,D,C,B,C,B,B,A,C,C,D,D,B,A,C,A,A,C,A,B,A,C,B,D,C,B,C,A,A,B,C,A,C,A,A,D,B,D,C,A, ,D,B,A,B,C,A,C,D,B,C,B,C,D,B,A,1,1,1,1,
190,11436,10,14, ,10,7571928078,A,B,D,A,C,D,C,D,B,C,B,D,A,C,C,B,B,D,A,B,D,C,D,B,D,A,C,A,B,C,D,C,C,D,D,D,A,B,A,B,A,A,B,C,C,A,D,B,A,C,B,C,B,B,D,C,A,D,C,B,A,B,A,A,C,B,C,D,C,B,B,A,A,B,C,B,D,B,A,B,D,D,B,D,D,A,C,B,B,A,A,C,A,A,C,B,D,B,A,A,1,1,1,1,
191,11437,10,14, ,9,9555302801,D,D,B,B,D,D,C,D,B,A,A,B, ,C,A,C,D,C,D,B,D,A,C,C,A,C,D,D,B,*,A,B,B,A,D,A,C,D,D,B,A,C,B,A,B,D,B,D,C,B,C,A,C,B,C,D,D,C,B,D,C,B,B,A,C,A,A,C,C,B,B,D,A,D,B,C,B,B,C,C,C,B,C,B,C,B,C,D,A,D, ,B,A, ,*,D,B,A,B,B,1,1,1,1,
192,10201,10,2,0,10,8181810310,A,C,D,A,C,B,C,B,B,A,C,D,D, , ,D,A,A,C,A,D, ,C,B,D,B, ,A,A,D,A,B,B,A,D,B,C,A,C,A,A,A,C,C,C,D,B,A,B,B,B,C,D,A,D,C,C,C,B,A,A,B,A,A,D,B,B,C,C,D,B,A,D,A,C,A,C,B, ,C, , , , , , , , , , , ,A,A,A,C,A,A,B, ,B,1,1,1,1,
193,10202,10,2,0,9,7785854582,C,B,C,A,C,C,C,C,A,C,D,B,D,B,A,B,C,D,C,A,B,B,C,C,B,B,C,B,C,D,C,B,C,B,D,B,C,D,C,B,C,B,B,C,C,A,A,A,D,D,C,D,B,C,C,A,B,D,B,D,D,A,B,D,C,A,B,A,A,B,C,A,B,B,C,D,C,D,B,D,B,D,C,C,C,D,D,B,C,D,C,C,A,C, ,D,B,C,D,B,1,1,1,1,
194,10203,10,2,0,10,7379155572,A,B,D,A,C,A,C,D,D,C,A,C,A,C,B,A,B,C,C,C,D,C,C,B,D,A,C,A,D,C,D,C,C,A,B,A,A,A,C,A,A,A,B,B,C,A,D,B,C,C,B,D,B,B,D,C,C,C,D,B,A,B,A,A,B,B,C,D,C,B,C,C,A,D,D,B,C,B,D,B,A,B,B,B,C,A,A,D,A,B,B,C,A,A,A,A,C,B,A,D,1,1,1,1,
195,10204,10,* ,0,9,9935425009,C,C,D,A,B,A,C,B,A,A,C,B,B,D,C,C,C,C,B,B,D,B,B,C,A,D,B,D,D,B,B,A,A,A,A,B,C,C,C,B,C,C,C,C,D,C,D,C,A,D,A,D,B,D,C,D,B,B,A,D,C,B,B,D,D,B,A,C,A,B,B,B,C,A,D,C,B,B,B,D,C,C,C,B,C,A,C,D,A,B,D,A,C,B,A,D,D,C,B,C,1,1,1,1,
196,*207 ,10, *,0, *, 726 8*01*,A,B,B,A,A,B,C,D,C,A,D,A,B,C,A,*,D,A,B,C,D,A,D,C,B,D,A,D,C,C,B,A,C,A,A,A,A,D,B,B,C,A,D,D,B,C,D,C,D,D,D,B,D,D,D,A,A,C,B,D,A,B,A,A,D,D,D,A,D,B,C,D,A,A,C,B,D,D,B,D,B,B,A,C,C,B,A,A,A,A,A,B,D,C,B,B,B,A,B,B,1,1,1,1,
197,1*20 ,10,2,0, *,1*70*830  ,A,B,D,A,B,B,C,D, , , , , ,C, , ,A,A,C, ,A,C, ,B, ,A,C,A,B,B,A,C,B, , , ,C,B,B,A,A,B, , , ,B,B,A, , ,B, , , ,C, ,D, , , ,*, ,A,C,B, ,B, , ,D, ,C,A,B, , ,A,B, , , ,D,B, , ,C,B, ,B, ,B,C, ,A,B, , ,B,B, ,1,1,1,1,
198,1.00E+09,10,2,0,9,6388*77413,C,B,C,D,C,A,C,A,B,B,A,C,A,*,A,C,D,B,C,B,A,C,D,D,B,A,A,C,B, ,B,A,A,D,A,B,B,C,D,A,A,B,B,C,B,A,A,C,C,A,A,A,B,C,A,A,D,B,B,A,B,A,A,A,D,B,*,C, ,B,A,B,B,A,A,D,C,B,C,B,A,C,C,D,A,B,B,A,A,C,C,C,C,D,D,B,D,C,B,A,1,1,1,1,
199,10*10,10,2,0,9,**6       ,D,A,C,A,B,C, ,D,B, ,A, ,B,A,A,C,D,C,D,D,C,D,B,C,B,A,B,A,C,D,B,C,B,C,C,B,A,B,A,B,D,A,B, , ,*, ,B,D,A, ,C,D,B,A,A,B, ,B,B,D,D,B, ,D, ,A, , , ,A,C, , , ,C,D,A, , ,B,C,A,B,D,D,C,D,C,D,A,C,C,D,B,A,D,A,B,A,1,1,1,1,
200,10211,10,2,0,10,9305064103,A,B,D,B,D,B,C,D,A,B,B,D,B,B,C,B,A,B,D,D,D,C,D,B,D,A,C,B,B,D,A,B,A,A,D,B,C,B,B,D,D,D,B,D,A,B,D,A,C,A,D,B,D,D,C,D,C,D,C,B,A,D,A,C,C,A,B,A,C,D,B,C,A,B,C,A,A,B,D,C,B,D,A,D,C,C,A,B,B,C,B,A,A,C,C,C,B,D,A,C,1,1,1,1,
201,**2  ,10,2,0,10,*2* ** 2  ,A,B,D,A,C,C,C,D,A,D,C,D,B,C,B,D,A,B,C,A,A,C,C,B,D,A,C,A,A,B,D,C,C,B,C,A,D,A,C,B,A,D,B,C,A,D,D,A,B,A,B,A,C,B,D,C,D,A,B,D,A,D,A,A,D,A,B,D,B,A,B,D,A,B,C,B,A,B,B,B,B,B,B,A,D,A,C,B,B,D,A,B,C,A,A,B,A,A,B,A,1,1,1,1,
202,10213,10,2,0,9,9335266500,D,D,C,B,B,D,C,D,D,C,A,C,C,A,A,B,C,D,D,B,A,B,B,C,D,C,B,C,B,D,C,C,B,A,A,B,C,D,C,A,A,B,B,C,B,A,B,A,A,C,D,B,B,C,D,D,B,C,B,B,C,A,B,C,A,A,A,A,A,C,C,C,A,D,D,C,C,D,D,A,B,B,C,C,C,D,B,A,A,D,C,*,C,C,D,C,C,A,A,B,1,1,1,1,
203,10214,10,2,0,9,9336125230,B,B,C,A,D,D,C,B,B,A,D,C, ,D,A,B,C,C,B,A,C,D,C,D,B,A,C,A,B,D,B,*,B,D,C,A,C,A,C,B,C,B,B,C,B,C,*,B,C,D,A,C,B,D,C,B,C,B,A,C,B,C,B,C,D,C,A,A,B,A,C,C,B,B,C,C,B,D,B,C,A,B,B,C,C,B,B,A,C,D,D,B,D,C,D,A,D,C,B,D,1,1,1,1,
204,10215,10,2,0,10,6306162814,A,B,D,A,C,D,C,D,B,D,B,A,A,C,C,B,D,C,B,B,D,C,C,B,D,A,C,A,A,B,D,C,C,A,D,A, ,B,C,A,A,A,B,B,C,A,D,C,C,A,B,C,B,B,D,D,C,C,A,B,A,B,A,A,A,B,C,A,A,A,C,C,A,B,A,D,B,C,A,B,A,A,B,D,C,C,A,D,C,D,A,C,A,C,C,A,A,B,A,A,1,1,1,1,
205,10206,10,2,0,9,8726471739,B,D,C,A,B,B,D,A,A,A,D,B,A,B,D,C,C,A,C,B,D,C,D,A,B,B,D,C,B,D,B,C,B,A,D,B,C,B,D,A,A,B,B,C,B,D,B,C,A,D,C,A,D,C, ,C,B,D,B,C,D,B,B,A,D,B,D,A,A,C,D,C,B,A,D,B,B,C,B,D,C,D,B,C,A,C,B,C,B,C,B,C,B,D,C,B,C,B,C,B,1,1,1,1,
206,1*205,10,0*,0,10,6386861479,B,A,B,B,A,*, ,A,C,D,D,D,B,C,C,A,C,D,B,A,A,C,D,B,D,A,B,B,C,A,A,A,B, ,C,C,B,C,C,A,D,A,D, ,C,A,B,C,C,A,B,B,A,D,B,B,D,D,C, ,B,C,A,A,C,B,B,B,D,C,B,C,B,D,B,B,C,*,*,A,A,D,C,A,D,D,A,A,C,A,A,C,C,A,D,A,C,A,C,B,1,1,1,1,
207,10503,10,5, ,10,9815399603,A,B,D,A,B,C,C,D,B,D,B,D,A,A,C,D,A,C,B,C,D,A,C,B,D,B,C,A,C,D,D,B,A,D,D,C,A,B,A,B,A,A,B,C,B,B,A,B,C,D,B,C,B,B,D,C,D,B,B,D,A,A,B,A,A,B,A,B,C,A,D,A,A,B,*,B,A,C,C,D,B,D,C,A,C,C,C,B,A,B,B,C,A,A,A,A,A,B,A,C,1,1,1,1,
208,10502,10,5, ,9,9888744045,B,C,A,B,C,B,A,D,D,B,A,B,B,C,A,C,D,C,B,A,D,B,D,C,B,B,D,A,B,B,B,D,B,A,B,A,C,A,B,A,D,A,B,D,B,B,B,A,B,B,D,B,B,C,C,B,B,C,B,D,B,B,B,C,D,A,A,A,A,C,C,C,B,C,C,B,B,C,B,A,C,B,A,B,A,B,C,B,A,D,C,B,B,C,D,B,D,A,A,B,1,1,1,1,
209,10501,10,0, ,9,9781922626,D,B,C,D,D,C,B,D,A,B,A,B,D,B,B,B,D,D,C,B,D,B,D,C,C,D,D,A,B,C,B,B,A,A,D,A,A,D,A,C,D,D,D,A,B,B,B,B,A,D,B,A,D,A,C,D,B,B,B,B,B,B,C,D,B,B,A,A,D,C,D,C,D,B,D,D,D,A,D,B,A,B,A,D,D,D,C,B,C,D,A,B,B,C,D,A,D,A,C,B,1,1,1,1,
210,11301,10,13, ,12,7056141505,A,A,C, ,C,A,A,A,A,D,A,B,C,A,D,A,C,A,A,C,C,A,A, ,C,A,B,B,A,B,A,C,A, ,B,A,B,B,A,D,A,D,B,A,*,B, ,B, ,*,A,D,B,B,B,A,C,A,B,C,A,B,B,A,A,B,A,A,A,A,B,C,A,D,C,D,C,D,C,C,B,B,C,C,C,C,B,C,B,D,C,A,C,A,A,A,B,C,A,D,1,1,1,1,
211,     ,10,  , ,9,          ,B,C,D,A,B, ,B,C,D, ,A,B,B, ,C,B,C,C,C,A,A,A,D,C,C, , ,A,B,D,B,C,D,C,D,B,A,A,B,A,A,B,B,D,B,D, ,A, , , ,C,B,C,A,D,B, , , , , ,B,D,C,A,A,A,A,B, ,C,A,B, ,C, , , ,D, ,C,D, , , , ,B,A,D,A,A,D, , , , ,A,C,B,1,1,1,1,
212,11303,10,13, ,11,8708055803,A,D,C,B,C,B,B,A,D,C,C,B,A,D,C,C,B,A,A,C,C,C,A,D,B,B,C,D,D,A,A,B,C,A,C,D,C,B,A,D,B,B,A,D,C,A,A,C,A,B,B,D,B,C,D,A,B,B,C,C,B,C,C,D,B,C,A,C,D,B,C,A,D,B,C,D,C,B,C,A,C,A,C,B,D,C,A,C,D,A,B,B,B,A,B,B,D,C,B,C,1,1,1,1,
213,11304,10,13, ,10,7082256787,A,B,D,A,C,D,C,C,B,D,B,A,B,C,A,B,B,A,A,D,C,C,C,C,D,A,C,A,B,B,D,C,C,B,D,A,B,B,A,C,A,C,C,C,D,A,A,B,A,C,B,C,B,A,D,B,B,A,D,B,A,B,A,A,B,A,B,D,B,D,C,C,A,B,D,B,C,B, ,B,D,D,C,C,A,A,C,A,C,B,B,C,A,A,B,A,B,C,A,A,1,1,1,1,
214,11305,10,13, ,10,7357199743,A,B,D,A,B,C,C,A,B,B,C,C,A,A,C,D,C,C,A,C,C,C,C,A,D,A,B,A,C,D,D,C,B,A,C,A,A,A,B,B,C,C,C,A,C,B,A,B,*,B,B,C,A,D,D,B,D,A,A,D,A,D,A,C,A,C,D,D,C,D,B,C,B,B,C,B,D,C,A,D,B,B,B,D,A,D,C,D,C,C,C,A,A,A,B,B,C,B,C,A,1,1,1,1,
215,11306,10,13, ,9,9588174722,D,B,A,A,D,D,B,D,B,A,C,B,B,B,A,B,C,B,B,B,C,C,B,C,B,B,B,B, ,C,C,B,B,C,B,D,C,B,C,B, ,C,B, , ,B,C,B,C,C,B,C,C,C,D,B,C,C,B,C,C,A,D,C,C,B,C,B,C,B,B,C,C,D,A,B,C,D,C,D,B,B,A,C,C,B,C,C,D,A,C,B,D,B,C,C,C,C,A,A,1,1,1,1,
216,11307,10,13, ,9,9996317659,C,A,D,B,B,C,B,D,A,C,A,D,B,C,A,B,C,A,B,B,B,A,D,C,C,A,D,A,B,D,B,A,D,C,B,B,D,A,D,A,D,B,B,C,B,A,B,D,B,B,A,B,D,C,C,A,D,B,B,C,C,B,A,A,C,D,C,A,D,A,C,C,A,B,A,C,C,D,A,B,A,B,A,C,B,B,D,C,A,A,A,B,C,B,D,A,D,B,C,D,1,1,1,1,
217,11,10,13, ,9,9813856668,A,B,B,C,C,C,B,D,B,A,C,A,A,C,B,D,C,C,B,A,C,A,B,B,B,B,C,D,B,C,B,A,A,B,C,B,C,D,B,C,D,B,B,C,B,B,A,B,A,C,A,A,B,C,A,A,A,C,D,C,C,A,B,A,B,D,A,D,C,B,C,B,C,D,B,C,B,A,B,D,C,B,A,B,B,A,B,A,C,D,C,B,D,D,D,B,D,A,A,D,1,1,1,1,
218,11309,10,13, ,9,9813791199,D,B,A,B,B,C,A,A,B,C,A,C,A,A,A,B,D,C,D,B,A,C,D,C,B,B,C,A,D,D,B,B,B,A,D,B,C,D,D,A,A,B,B,C,B,D,C,A,D,C,B,C,B,C,C,D,B,C,B,B,A,A,B,C,A,D,A,B,A,C,B,C,A,B,C,D,A,D,B,D,A,C,A,C,C,C,A,D,A,D,A,C,C,C,D,A,D,C,C,B,1,1,1,1,
219,11310,10,  , ,10,8950754976,B,*,*, ,C,B,C,D,B, ,C,C,B,B,C,D,C, ,A,B,C,A,C,C,D,B,B, ,C, ,A,B, ,B, ,B,C,A,D,B,B,C,C,A, ,A,A,B,C,B,B,C,A, ,A,C,A, , , ,C, , , ,D,D,*,A, ,C, , ,A,D, , ,A,B, , ,D,D,C, ,D, ,A, ,B,A, , ,A,A,B, , ,B, , ,1,1,1,1,
220,11311,10,  , ,10,7404140348,B,C,D,A,A,B,D,B,C,A,A,A,B,D,B,D,B,B,C,A,C,B,A,A,C,C,B,B,A,B,B,D,B,D,C,A,C,B,C,D,D,C,B,B,B,D,A,A,C,A,D,B,A,B,D,D,A,C,B,A,A,B,B,D,C,A,B,A,A,C,C,D,A,C,C,D,A,B,A,D,B,B,B,A,D,C,A,D,C,A,B,B,A,A,D,A,B,B,C,A,1,1,1,1,
221,11902,10,19, ,9,9896663207,C,B,A,B,C,B,B,B,D,A,D,B,D,B,A,B,D,C,B,D,D,A,C,C,B,D,D,C,D,B,D,B,B,D,C,A,C,D,A,A,D,B,D,B,B,A,B,D,C,D,A,A,D,A,D,B,A,B,C,A,B,A,B,A,B,D,B,C,B,B,A,A,B,C,D,C,C,A,C, ,A,B,B,C,A, , , , , , , , , , , , , , , ,1,1,1,1,
222,1190*,10,19, ,10,          ,A,B,D,C,C,C,C,D,A,B,C,D,A,A,B,D,C,A,C,C,A,D,C,B,D,B,C,A,C,D,A,B,A,D,C,B,D,C,D,*,A,A,B,A,C,A,D,C,B,C,B,D,B,C,A,C,B,B,A,D,A,B,*,A,B,B,C,B,C,D,C,C,A,B,C,B,B,D,B,B,B,D,B,D,C,A,C,B,C,D,C,C,C,A,A,D,A,B,A,A,1,1,1,1,
223,11906,10,19, ,10,8396895860,A,B,D,D,C,C,C,D,C,A,C,D,C, ,C,B,A,B,C,C,A,B,B,B,D,C,D,C,D,D,B,C,A,D,B,A,D,B,C,B,A,B,B,C,D,B,A,C,B,C,B,C,C,C,D,A,D,B,B,D,B,C,A,A,D,B,C,B,C,D,C,C,A,*,D,B,A,C,A,B,A,B,B,A,B,B,C,B,D,C,D,A,B,B,A,C,B,B,A,A,1,1,1,1,
224,11907,10,19, ,9,9034121756,D,B,C,A,C,D,A,B,B,A,A,C,D,B,B,B,C,C,C,A,A,B,D,C,A,C,B,A,B,D,B,C,B,C,D,B,D,B,A,B,A,B,B,C,B,D,C,A,C,C,B,C,B,C,C,D,B,C,B,B,C,D,B,C,A,A,A,A,B,C,D,C,A,B,C,C,C,D,B,A,B,C,B,D,C,C,B,C,A,D,D,C,B,C,D,C,D,A,C,B,1,1,1,1,
225,11204,10,  , ,  ,          ,B,B,D,B,B,D,C,A,D,A,A,A,A,B,A,B,*,*,C,*,A,A,D,C,*,A,B,C,B,D,A,A,B, ,C,B,A,D,B,A,A,*,B,C,B,B,C,C,B,C,C, ,B,C,C,C,B, ,B,B,C,A,B,C,D,D,A,A,B,C,B,C,B,C,D,C,B,D,C,A,C,C,C, ,D,B,C,A,A,A,D,C,D,C,D,C,C,A,B,A,1,1,1,1,
226,     ,10,  , ,  ,          ,A,B,D,A,C,D,*,*,B,C,B,D,B,A,B,D,A,B,C,C,A,*,C,B,A,A,C,A,B,D,D,C,B,D, , , ,B,A, , , ,B, , , , , , , ,B, ,B,*,D,B,B,D,A, ,A,B,A,A,B,B, ,D,C,B,C,C,A,B,A,C,*,B, ,B,B,B,B,D,C,D,C,D,B,D,B,C,A,B,A,B,A,A,A,A,1,1,1,1,
227,11201,10,12, ,* ,          ,A,D,D,A,C,D,C,D,B,C,B,A,B,A,B,D, ,B,*,C,D,C,C,*,D,A,C,A,B,D,D,C,B,D,B,C,B,B,A,A,A,B,B,C,B,B,D,B,D,A,B, ,B,A,D,B,B,D,A,B,A,B,A,A,B,B,C,D,C,B,C,C,A,B,A,C,A, , ,B,B,B,B,D,C,D,C,D,B,D,B,C,A,B,A,B,A,A,A,A,1,1,1,1,
228,     ,10,  , ,  ,          ,*,B,D,B,*,*,C,D,*,*,C,A,A,A,A,B,D,D,D,D,C,B,D,C,B,A,B,C,B,D,A,B,B,B,C,*,A,D,B,A,A,A,D,A,B,B,B,B,B,C,C,D,B,C,C,D,B,B,B,B,C,D,B,C,D,C,B,A,B,B,B,*,C,B,B,A,C,B,B,C,C,C,C,C,B,B,B,A,B,C,B,B,C,C,D,C,D,B,C,D,1,1,1,1,
